snapshot_date,source_url,retrieved_at_utc,registry_number,ticker,registry_name,registrar,registry_nominal,detail_url,has_standard_four_letter_ticker
2026-09-22,https://web.ksei.co.id/services/registered-securities/shares?setLocale=en-US,2026-09-22T00:46:23.298883+00:00,1,AADI,ADARO ANDALAN INDONESIA Tbk,"DAEN1 - DATINDO ENTRYCOM, PT",3125,https://web.ksei.co.id/services/registered-securities/shares/lc/AADI,True
2026-09-22,https://web.ksei.co.id/services/registered-securities/shares?setLocale=en-US,2026-09-22T00:46:23.298883+00:00,2,AALI,ASTRA AGRO LESTARI Tbk,"RISR1 - RAYA SAHAM REGISTRA, PT",500,https://web.ksei.co.id/services/registered-securities/shares/lc/AALI,True
2026-09-22,https://web.ksei.co.id/services/registered-securities/shares?setLocale=en-US,2026-09-22T00:46:23.298883+00:00,3,ABBA,MAHAKA MEDIA Tbk,"ADTR1 - ADIMITRA JASA KORPORA, PT",100,https://web.ksei.co.id/services/registered-securities/shares/lc/ABBA,True
2026-09-22,https://web.ksei.co.id/services/registered-securities/shares?setLocale=en-US,2026-09-22T00:46:23.298883+00:00,4,ABDA,ASURANSI BINA DANA ARTA Tbk,"RISR1 - RAYA SAHAM REGISTRA, PT",500,https://web.ksei.co.id/services/registered-securities/shares/lc/ABDA,True
2026-09-22,https://web.ksei.co.id/services/registered-securities/shares?setLocale=en-US,2026-09-22T00:46:23.298883+00:00,5,ABMM,ABM INVESTAMA Tbk,"DAEN1 - DATINDO ENTRYCOM, PT",500,https://web.ksei.co.id/services/registered-securities/shares/lc/ABMM,True
2026-09-22,https://web.ksei.co.id/services/registered-securities/shares?setLocale=en-US,2026-09-22T00:46:23.298883+00:00,6,ACES,ASPIRASI HIDUP INDONESIA Tbk,"ADTR1 - ADIMITRA JASA KORPORA, PT",10,https://web.ksei.co.id/services/registered-securities/shares/lc/ACES,True
2026-09-22,https://web.ksei.co.id/services/registered-securities/shares?setLocale=en-US,2026-09-22T00:46:23.298883+00:00,7,ACRO,SAMCRO HYOSUNG ADILESTARI Tbk,"ADTR1 - ADIMITRA JASA KORPORA, PT",20,https://web.ksei.co.id/services/registered-securities/shares/lc/ACRO,True
2026-09-22,https://web.ksei.co.id/services/registered-securities/shares?setLocale=en-US,2026-09-22T00:46:23.298883+00:00,8,ACST,ACSET INDONUSA Tbk,"SIGU1 - SINARTAMA GUNITA, PT",100,https://web.ksei.co.id/services/registered-securities/shares/lc/ACST,True
2026-09-22,https://web.ksei.co.id/services/registered-securities/shares?setLocale=en-US,2026-09-22T00:46:23.298883+00:00,9,ADCP,ADHI COMMUTER PROPERTI Tbk,"DAEN1 - DATINDO ENTRYCOM, PT",100,https://web.ksei.co.id/services/registered-securities/shares/lc/ADCP,True
2026-09-22,https://web.ksei.co.id/services/registered-securities/shares?setLocale=en-US,2026-09-22T00:46:23.298883+00:00,10,ADES,AKASHA WIRA INTERNATIONAL Tbk,"RISR1 - RAYA SAHAM REGISTRA, PT",1000,https://web.ksei.co.id/services/registered-securities/shares/lc/ADES,True
2026-09-22,https://web.ksei.co.id/services/registered-securities/shares?setLocale=en-US,2026-09-22T00:46:23.298883+00:00,11,ADHI,ADHI KARYA (PERSERO) Tbk,"DAEN1 - DATINDO ENTRYCOM, PT",100,https://web.ksei.co.id/services/registered-securities/shares/lc/ADHI,True
2026-09-22,https://web.ksei.co.id/services/registered-securities/shares?setLocale=en-US,2026-09-22T00:46:23.298883+00:00,12,ADMF,ADIRA DINAMIKA MULTI FINANCE Tbk,"ADTR1 - ADIMITRA JASA KORPORA, PT",100,https://web.ksei.co.id/services/registered-securities/shares/lc/ADMF,True
2026-09-22,https://web.ksei.co.id/services/registered-securities/shares?setLocale=en-US,2026-09-22T00:46:23.298883+00:00,13,ADMG,POLYCHEM INDONESIA Tbk,"DAEN1 - DATINDO ENTRYCOM, PT",500,https://web.ksei.co.id/services/registered-securities/shares/lc/ADMG,True
2026-09-22,https://web.ksei.co.id/services/registered-securities/shares?setLocale=en-US,2026-09-22T00:46:23.298883+00:00,14,ADMR,ALAMTRI MINERALS INDONESIA Tbk,"FIBU1 - FICOMINDO BUANA REGISTRAR, PT",100,https://web.ksei.co.id/services/registered-securities/shares/lc/ADMR,True
2026-09-22,https://web.ksei.co.id/services/registered-securities/shares?setLocale=en-US,2026-09-22T00:46:23.298883+00:00,15,ADRO,ALAMTRI RESOURCES INDONESIA Tbk,"FIBU1 - FICOMINDO BUANA REGISTRAR, PT",100,https://web.ksei.co.id/services/registered-securities/shares/lc/ADRO,True
2026-09-22,https://web.ksei.co.id/services/registered-securities/shares?setLocale=en-US,2026-09-22T00:46:23.298883+00:00,16,AEGS,ANUGERAH SPAREPARTS SEJAHTERA Tbk,"BIME1 - BIMA REGISTRA, PT",50,https://web.ksei.co.id/services/registered-securities/shares/lc/AEGS,True
2026-09-22,https://web.ksei.co.id/services/registered-securities/shares?setLocale=en-US,2026-09-22T00:46:23.298883+00:00,17,AGAR,ASIA SEJAHTERA MINA Tbk,"SHIN1 - SHARESTAR INDONESIA, PT",100,https://web.ksei.co.id/services/registered-securities/shares/lc/AGAR,True
2026-09-22,https://web.ksei.co.id/services/registered-securities/shares?setLocale=en-US,2026-09-22T00:46:23.298883+00:00,18,AGII,SAMATOR INDO GAS Tbk,"DAEN1 - DATINDO ENTRYCOM, PT",500,https://web.ksei.co.id/services/registered-securities/shares/lc/AGII,True
2026-09-22,https://web.ksei.co.id/services/registered-securities/shares?setLocale=en-US,2026-09-22T00:46:23.298883+00:00,19,AGRO,BANK RAYA INDONESIA Tbk,"DAEN1 - DATINDO ENTRYCOM, PT",100,https://web.ksei.co.id/services/registered-securities/shares/lc/AGRO,True
2026-09-22,https://web.ksei.co.id/services/registered-securities/shares?setLocale=en-US,2026-09-22T00:46:23.298883+00:00,20,AGRS,BANK IBK INDONESIA Tbk,"ADTR1 - ADIMITRA JASA KORPORA, PT",100,https://web.ksei.co.id/services/registered-securities/shares/lc/AGRS,True
2026-09-22,https://web.ksei.co.id/services/registered-securities/shares?setLocale=en-US,2026-09-22T00:46:23.298883+00:00,21,AHAP,ASURANSI HARTA AMAN PRATAMA Tbk,"DAEN1 - DATINDO ENTRYCOM, PT",50,https://web.ksei.co.id/services/registered-securities/shares/lc/AHAP,True
2026-09-22,https://web.ksei.co.id/services/registered-securities/shares?setLocale=en-US,2026-09-22T00:46:23.298883+00:00,22,AIMS,ARTHA MAHIYA INVESTAMA Tbk,"SIGU1 - SINARTAMA GUNITA, PT",100,https://web.ksei.co.id/services/registered-securities/shares/lc/AIMS,True
2026-09-22,https://web.ksei.co.id/services/registered-securities/shares?setLocale=en-US,2026-09-22T00:46:23.298883+00:00,23,AISA,FKS FOOD SEJAHTERA Tbk,"SIGU1 - SINARTAMA GUNITA, PT",500,https://web.ksei.co.id/services/registered-securities/shares/lc/AISA,True
2026-09-22,https://web.ksei.co.id/services/registered-securities/shares?setLocale=en-US,2026-09-22T00:46:23.298883+00:00,24,AKKU,ANUGERAH KAGUM KARYA UTAMA Tbk,"SIGU1 - SINARTAMA GUNITA, PT",100,https://web.ksei.co.id/services/registered-securities/shares/lc/AKKU,True
2026-09-22,https://web.ksei.co.id/services/registered-securities/shares?setLocale=en-US,2026-09-22T00:46:23.298883+00:00,25,AKPI,ARGHA KARYA PRIMA INDUSTRY Tbk,"RISR1 - RAYA SAHAM REGISTRA, PT",500,https://web.ksei.co.id/services/registered-securities/shares/lc/AKPI,True
2026-09-22,https://web.ksei.co.id/services/registered-securities/shares?setLocale=en-US,2026-09-22T00:46:23.298883+00:00,26,AKRA,AKR CORPORINDO Tbk,"RISR1 - RAYA SAHAM REGISTRA, PT",20,https://web.ksei.co.id/services/registered-securities/shares/lc/AKRA,True
2026-09-22,https://web.ksei.co.id/services/registered-securities/shares?setLocale=en-US,2026-09-22T00:46:23.298883+00:00,27,AKSI,MINERAL SUMBERDAYA MANDIRI Tbk,"SHIN1 - SHARESTAR INDONESIA, PT",100,https://web.ksei.co.id/services/registered-securities/shares/lc/AKSI,True
2026-09-22,https://web.ksei.co.id/services/registered-securities/shares?setLocale=en-US,2026-09-22T00:46:23.298883+00:00,28,ALDO,ALKINDO NARATAMA Tbk,"SIGU1 - SINARTAMA GUNITA, PT",50,https://web.ksei.co.id/services/registered-securities/shares/lc/ALDO,True
2026-09-22,https://web.ksei.co.id/services/registered-securities/shares?setLocale=en-US,2026-09-22T00:46:23.298883+00:00,29,ALII,ANCARA LOGISTICS INDONESIA Tbk,"DAEN1 - DATINDO ENTRYCOM, PT",5,https://web.ksei.co.id/services/registered-securities/shares/lc/ALII,True
2026-09-22,https://web.ksei.co.id/services/registered-securities/shares?setLocale=en-US,2026-09-22T00:46:23.298883+00:00,30,ALKA,ALAKASA INDUSTRINDO Tbk,"RISR1 - RAYA SAHAM REGISTRA, PT",1000,https://web.ksei.co.id/services/registered-securities/shares/lc/ALKA,True
2026-09-22,https://web.ksei.co.id/services/registered-securities/shares?setLocale=en-US,2026-09-22T00:46:23.298883+00:00,31,ALMI,ALUMINDO LIGHT METAL INDUSTRY Tbk,"ADTR1 - ADIMITRA JASA KORPORA, PT",250,https://web.ksei.co.id/services/registered-securities/shares/lc/ALMI,True
2026-09-22,https://web.ksei.co.id/services/registered-securities/shares?setLocale=en-US,2026-09-22T00:46:23.298883+00:00,32,ALTO,TRI BANYAN TIRTA Tbk,"ADTR1 - ADIMITRA JASA KORPORA, PT",100,https://web.ksei.co.id/services/registered-securities/shares/lc/ALTO,True
2026-09-22,https://web.ksei.co.id/services/registered-securities/shares?setLocale=en-US,2026-09-22T00:46:23.298883+00:00,33,AMAG,ASURANSI MULTI ARTHA GUNA Tbk,"RISR1 - RAYA SAHAM REGISTRA, PT",100,https://web.ksei.co.id/services/registered-securities/shares/lc/AMAG,True
2026-09-22,https://web.ksei.co.id/services/registered-securities/shares?setLocale=en-US,2026-09-22T00:46:23.298883+00:00,34,AMAR,BANK AMAR INDONESIA Tbk,"DAEN1 - DATINDO ENTRYCOM, PT",100,https://web.ksei.co.id/services/registered-securities/shares/lc/AMAR,True
2026-09-22,https://web.ksei.co.id/services/registered-securities/shares?setLocale=en-US,2026-09-22T00:46:23.298883+00:00,35,AMFG,ASAHIMAS FLAT GLASS Tbk,"DAEN1 - DATINDO ENTRYCOM, PT",500,https://web.ksei.co.id/services/registered-securities/shares/lc/AMFG,True
2026-09-22,https://web.ksei.co.id/services/registered-securities/shares?setLocale=en-US,2026-09-22T00:46:23.298883+00:00,36,AMIN,ATELIERS MECANIQUES D`INDONESIE Tbk,"ADTR1 - ADIMITRA JASA KORPORA, PT",100,https://web.ksei.co.id/services/registered-securities/shares/lc/AMIN,True
2026-09-22,https://web.ksei.co.id/services/registered-securities/shares?setLocale=en-US,2026-09-22T00:46:23.298883+00:00,37,AMMN,AMMAN MINERAL INTERNASIONAL Tbk,"DAEN1 - DATINDO ENTRYCOM, PT",125,https://web.ksei.co.id/services/registered-securities/shares/lc/AMMN,True
2026-09-22,https://web.ksei.co.id/services/registered-securities/shares?setLocale=en-US,2026-09-22T00:46:23.298883+00:00,38,AMMS,AGUNG MENJANGAN MAS Tbk,"ADTR1 - ADIMITRA JASA KORPORA, PT",50,https://web.ksei.co.id/services/registered-securities/shares/lc/AMMS,True
2026-09-22,https://web.ksei.co.id/services/registered-securities/shares?setLocale=en-US,2026-09-22T00:46:23.298883+00:00,39,AMOR,ASHMORE ASSET MANAGEMENT INDONESIA Tbk,"DAEN1 - DATINDO ENTRYCOM, PT",13,https://web.ksei.co.id/services/registered-securities/shares/lc/AMOR,True
2026-09-22,https://web.ksei.co.id/services/registered-securities/shares?setLocale=en-US,2026-09-22T00:46:23.298883+00:00,40,AMRT,SUMBER ALFARIA TRIJAYA Tbk,"ADTR1 - ADIMITRA JASA KORPORA, PT",100,https://web.ksei.co.id/services/registered-securities/shares/lc/AMRT,True
2026-09-22,https://web.ksei.co.id/services/registered-securities/shares?setLocale=en-US,2026-09-22T00:46:23.298883+00:00,41,ANDI,ANDIRA AGRO Tbk,"DAEN1 - DATINDO ENTRYCOM, PT",20,https://web.ksei.co.id/services/registered-securities/shares/lc/ANDI,True
2026-09-22,https://web.ksei.co.id/services/registered-securities/shares?setLocale=en-US,2026-09-22T00:46:23.298883+00:00,42,ANJT,AUSTINDO NUSANTARA JAYA Tbk,"DAEN1 - DATINDO ENTRYCOM, PT",100,https://web.ksei.co.id/services/registered-securities/shares/lc/ANJT,True
2026-09-22,https://web.ksei.co.id/services/registered-securities/shares?setLocale=en-US,2026-09-22T00:46:23.298883+00:00,43,ANTM,ANEKA TAMBANG (PERSERO) Tbk,"DAEN1 - DATINDO ENTRYCOM, PT",100,https://web.ksei.co.id/services/registered-securities/shares/lc/ANTM,True
2026-09-22,https://web.ksei.co.id/services/registered-securities/shares?setLocale=en-US,2026-09-22T00:46:23.298883+00:00,44,APEX,APEXINDO PRATAMA DUTA Tbk,"ADTR1 - ADIMITRA JASA KORPORA, PT",500,https://web.ksei.co.id/services/registered-securities/shares/lc/APEX,True
2026-09-22,https://web.ksei.co.id/services/registered-securities/shares?setLocale=en-US,2026-09-22T00:46:23.298883+00:00,45,APIC,PACIFIC STRATEGIC FINANCIAL Tbk,"SIGU1 - SINARTAMA GUNITA, PT",400,https://web.ksei.co.id/services/registered-securities/shares/lc/APIC,True
2026-09-22,https://web.ksei.co.id/services/registered-securities/shares?setLocale=en-US,2026-09-22T00:46:23.298883+00:00,46,APII,ARITA PRIMA INDONESIA Tbk,"BIME1 - BIMA REGISTRA, PT",100,https://web.ksei.co.id/services/registered-securities/shares/lc/APII,True
2026-09-22,https://web.ksei.co.id/services/registered-securities/shares?setLocale=en-US,2026-09-22T00:46:23.298883+00:00,47,APLI,ASIAPLAST INDUSTRIES Tbk,"ADTR1 - ADIMITRA JASA KORPORA, PT",100,https://web.ksei.co.id/services/registered-securities/shares/lc/APLI,True
2026-09-22,https://web.ksei.co.id/services/registered-securities/shares?setLocale=en-US,2026-09-22T00:46:23.298883+00:00,48,APLN,AGUNG PODOMORO LAND Tbk,"DAEN1 - DATINDO ENTRYCOM, PT",100,https://web.ksei.co.id/services/registered-securities/shares/lc/APLN,True
2026-09-22,https://web.ksei.co.id/services/registered-securities/shares?setLocale=en-US,2026-09-22T00:46:23.298883+00:00,49,ARCI,ARCHI INDONESIA Tbk,"DAEN1 - DATINDO ENTRYCOM, PT",10,https://web.ksei.co.id/services/registered-securities/shares/lc/ARCI,True
2026-09-22,https://web.ksei.co.id/services/registered-securities/shares?setLocale=en-US,2026-09-22T00:46:23.298883+00:00,50,AREA,DUNIA VIRTUAL ONLINE Tbk,"SHIN1 - SHARESTAR INDONESIA, PT",75,https://web.ksei.co.id/services/registered-securities/shares/lc/AREA,True
2026-09-22,https://web.ksei.co.id/services/registered-securities/shares?setLocale=en-US,2026-09-22T00:46:23.298883+00:00,51,ARGO,ARGO PANTES Tbk,"EDI01 - ELECTRONIC DATA INTERCHANGE INDONESIA, PT",500,https://web.ksei.co.id/services/registered-securities/shares/lc/ARGO,True
2026-09-22,https://web.ksei.co.id/services/registered-securities/shares?setLocale=en-US,2026-09-22T00:46:23.298883+00:00,52,ARII,ATLAS RESOURCES Tbk,"DAEN1 - DATINDO ENTRYCOM, PT",200,https://web.ksei.co.id/services/registered-securities/shares/lc/ARII,True
2026-09-22,https://web.ksei.co.id/services/registered-securities/shares?setLocale=en-US,2026-09-22T00:46:23.298883+00:00,53,ARKA,ARKHA JAYANTI PERSADA Tbk,"ADTR1 - ADIMITRA JASA KORPORA, PT",100,https://web.ksei.co.id/services/registered-securities/shares/lc/ARKA,True
2026-09-22,https://web.ksei.co.id/services/registered-securities/shares?setLocale=en-US,2026-09-22T00:46:23.298883+00:00,54,ARKO,ARKORA HYDRO Tbk,"ADTR1 - ADIMITRA JASA KORPORA, PT",25,https://web.ksei.co.id/services/registered-securities/shares/lc/ARKO,True
2026-09-22,https://web.ksei.co.id/services/registered-securities/shares?setLocale=en-US,2026-09-22T00:46:23.298883+00:00,55,ARMY,ARMIDIAN KARYATAMA Tbk,"FIBU1 - FICOMINDO BUANA REGISTRAR, PT",100,https://web.ksei.co.id/services/registered-securities/shares/lc/ARMY,True
2026-09-22,https://web.ksei.co.id/services/registered-securities/shares?setLocale=en-US,2026-09-22T00:46:23.298883+00:00,56,ARNA,ARWANA CITRAMULIA Tbk,"ADTR1 - ADIMITRA JASA KORPORA, PT",13,https://web.ksei.co.id/services/registered-securities/shares/lc/ARNA,True
2026-09-22,https://web.ksei.co.id/services/registered-securities/shares?setLocale=en-US,2026-09-22T00:46:23.298883+00:00,57,ARTA,ARTHAVEST Tbk,"ADTR1 - ADIMITRA JASA KORPORA, PT",200,https://web.ksei.co.id/services/registered-securities/shares/lc/ARTA,True
2026-09-22,https://web.ksei.co.id/services/registered-securities/shares?setLocale=en-US,2026-09-22T00:46:23.298883+00:00,58,ARTI,RATU PRABU ENERGI Tbk,"FIBU1 - FICOMINDO BUANA REGISTRAR, PT",500,https://web.ksei.co.id/services/registered-securities/shares/lc/ARTI,True
2026-09-22,https://web.ksei.co.id/services/registered-securities/shares?setLocale=en-US,2026-09-22T00:46:23.298883+00:00,59,ARTO,BANK JAGO Tbk,"FIBU1 - FICOMINDO BUANA REGISTRAR, PT",100,https://web.ksei.co.id/services/registered-securities/shares/lc/ARTO,True
2026-09-22,https://web.ksei.co.id/services/registered-securities/shares?setLocale=en-US,2026-09-22T00:46:23.298883+00:00,60,ASBI,ASURANSI BINTANG Tbk,"BIME1 - BIMA REGISTRA, PT",500,https://web.ksei.co.id/services/registered-securities/shares/lc/ASBI,True
2026-09-22,https://web.ksei.co.id/services/registered-securities/shares?setLocale=en-US,2026-09-22T00:46:23.298883+00:00,61,ASDM,ASURANSI DAYIN MITRA Tbk,"DAEN1 - DATINDO ENTRYCOM, PT",125,https://web.ksei.co.id/services/registered-securities/shares/lc/ASDM,True
2026-09-22,https://web.ksei.co.id/services/registered-securities/shares?setLocale=en-US,2026-09-22T00:46:23.298883+00:00,62,ASGR,ASTRA GRAPHIA Tbk,"RISR1 - RAYA SAHAM REGISTRA, PT",100,https://web.ksei.co.id/services/registered-securities/shares/lc/ASGR,True
2026-09-22,https://web.ksei.co.id/services/registered-securities/shares?setLocale=en-US,2026-09-22T00:46:23.298883+00:00,63,ASHA,CILACAP SAMUDERA FISHING INDUSTRY Tbk,"SIGU1 - SINARTAMA GUNITA, PT",20,https://web.ksei.co.id/services/registered-securities/shares/lc/ASHA,True
2026-09-22,https://web.ksei.co.id/services/registered-securities/shares?setLocale=en-US,2026-09-22T00:46:23.298883+00:00,64,ASII,ASTRA INTERNATIONAL Tbk,"RISR1 - RAYA SAHAM REGISTRA, PT",50,https://web.ksei.co.id/services/registered-securities/shares/lc/ASII,True
2026-09-22,https://web.ksei.co.id/services/registered-securities/shares?setLocale=en-US,2026-09-22T00:46:23.298883+00:00,65,ASJT,ASURANSI JASA TANIA Tbk,"ADTR1 - ADIMITRA JASA KORPORA, PT",100,https://web.ksei.co.id/services/registered-securities/shares/lc/ASJT,True
2026-09-22,https://web.ksei.co.id/services/registered-securities/shares?setLocale=en-US,2026-09-22T00:46:23.298883+00:00,66,ASLC,AUTOPEDIA SUKSES LESTARI Tbk,"RISR1 - RAYA SAHAM REGISTRA, PT",16,https://web.ksei.co.id/services/registered-securities/shares/lc/ASLC,True
2026-09-22,https://web.ksei.co.id/services/registered-securities/shares?setLocale=en-US,2026-09-22T00:46:23.298883+00:00,67,ASLI,ASRI KARYA LESTARI Tbk,"ADTR1 - ADIMITRA JASA KORPORA, PT",50,https://web.ksei.co.id/services/registered-securities/shares/lc/ASLI,True
2026-09-22,https://web.ksei.co.id/services/registered-securities/shares?setLocale=en-US,2026-09-22T00:46:23.298883+00:00,68,ASMI,ASURANSI MAXIMUS GRAHA PERSADA Tbk,"ADTR1 - ADIMITRA JASA KORPORA, PT",100,https://web.ksei.co.id/services/registered-securities/shares/lc/ASMI,True
2026-09-22,https://web.ksei.co.id/services/registered-securities/shares?setLocale=en-US,2026-09-22T00:46:23.298883+00:00,69,ASPI,ANDALAN SAKTI PRIMAINDO Tbk,"EDI01 - ELECTRONIC DATA INTERCHANGE INDONESIA, PT",100,https://web.ksei.co.id/services/registered-securities/shares/lc/ASPI,True
2026-09-22,https://web.ksei.co.id/services/registered-securities/shares?setLocale=en-US,2026-09-22T00:46:23.298883+00:00,70,ASPR,ASIA PRAMULIA Tbk,"ADTR1 - ADIMITRA JASA KORPORA, PT",25,https://web.ksei.co.id/services/registered-securities/shares/lc/ASPR,True
2026-09-22,https://web.ksei.co.id/services/registered-securities/shares?setLocale=en-US,2026-09-22T00:46:23.298883+00:00,71,ASRI,ALAM SUTERA REALTY Tbk,"RISR1 - RAYA SAHAM REGISTRA, PT",100,https://web.ksei.co.id/services/registered-securities/shares/lc/ASRI,True
2026-09-22,https://web.ksei.co.id/services/registered-securities/shares?setLocale=en-US,2026-09-22T00:46:23.298883+00:00,72,ASRM,ASURANSI RAMAYANA Tbk,BSRE1 - BSR INDONESIA PT.,125,https://web.ksei.co.id/services/registered-securities/shares/lc/ASRM,True
2026-09-22,https://web.ksei.co.id/services/registered-securities/shares?setLocale=en-US,2026-09-22T00:46:23.298883+00:00,73,ASSA,ADI SARANA ARMADA Tbk,"RISR1 - RAYA SAHAM REGISTRA, PT",100,https://web.ksei.co.id/services/registered-securities/shares/lc/ASSA,True
2026-09-22,https://web.ksei.co.id/services/registered-securities/shares?setLocale=en-US,2026-09-22T00:46:23.298883+00:00,74,ATAP,TRIMITRA PRAWARA GOLDLAND Tbk,"BIME1 - BIMA REGISTRA, PT",40,https://web.ksei.co.id/services/registered-securities/shares/lc/ATAP,True
2026-09-22,https://web.ksei.co.id/services/registered-securities/shares?setLocale=en-US,2026-09-22T00:46:23.298883+00:00,75,ATIC,ANABATIC TECHNOLOGIES Tbk,"DAEN1 - DATINDO ENTRYCOM, PT",100,https://web.ksei.co.id/services/registered-securities/shares/lc/ATIC,True
2026-09-22,https://web.ksei.co.id/services/registered-securities/shares?setLocale=en-US,2026-09-22T00:46:23.298883+00:00,76,ATLA,ATLANTIS SUBSEA INDONESIA Tbk,"BIME1 - BIMA REGISTRA, PT",8,https://web.ksei.co.id/services/registered-securities/shares/lc/ATLA,True
2026-09-22,https://web.ksei.co.id/services/registered-securities/shares?setLocale=en-US,2026-09-22T00:46:23.298883+00:00,77,ATPK,BARA JAYA INTERNASIONAL Tbk,"ADTR1 - ADIMITRA JASA KORPORA, PT",200,https://web.ksei.co.id/services/registered-securities/shares/lc/ATPK,True
2026-09-22,https://web.ksei.co.id/services/registered-securities/shares?setLocale=en-US,2026-09-22T00:46:23.298883+00:00,78,AUTO,ASTRA OTOPARTS Tbk,"RISR1 - RAYA SAHAM REGISTRA, PT",100,https://web.ksei.co.id/services/registered-securities/shares/lc/AUTO,True
2026-09-22,https://web.ksei.co.id/services/registered-securities/shares?setLocale=en-US,2026-09-22T00:46:23.298883+00:00,79,AVIA,AVIA AVIAN Tbk,"RISR1 - RAYA SAHAM REGISTRA, PT",10,https://web.ksei.co.id/services/registered-securities/shares/lc/AVIA,True
2026-09-22,https://web.ksei.co.id/services/registered-securities/shares?setLocale=en-US,2026-09-22T00:46:23.298883+00:00,80,AWAN,ERA DIGITAL MEDIA Tbk,"DAEN1 - DATINDO ENTRYCOM, PT",10,https://web.ksei.co.id/services/registered-securities/shares/lc/AWAN,True
2026-09-22,https://web.ksei.co.id/services/registered-securities/shares?setLocale=en-US,2026-09-22T00:46:23.298883+00:00,81,AXIO,TERA DATA INDONUSA Tbk,"ADTR1 - ADIMITRA JASA KORPORA, PT",25,https://web.ksei.co.id/services/registered-securities/shares/lc/AXIO,True
2026-09-22,https://web.ksei.co.id/services/registered-securities/shares?setLocale=en-US,2026-09-22T00:46:23.298883+00:00,82,AYAM,JANU PUTRA SEJAHTERA Tbk,"BIME1 - BIMA REGISTRA, PT",25,https://web.ksei.co.id/services/registered-securities/shares/lc/AYAM,True
2026-09-22,https://web.ksei.co.id/services/registered-securities/shares?setLocale=en-US,2026-09-22T00:46:23.298883+00:00,83,AYLS,AGRO YASA LESTARI Tbk,"ADTR1 - ADIMITRA JASA KORPORA, PT",50,https://web.ksei.co.id/services/registered-securities/shares/lc/AYLS,True
2026-09-22,https://web.ksei.co.id/services/registered-securities/shares?setLocale=en-US,2026-09-22T00:46:23.298883+00:00,84,BABP,BANK MNC INTERNASIONAL Tbk,BSRE1 - BSR INDONESIA PT.,100,https://web.ksei.co.id/services/registered-securities/shares/lc/BABP,True
2026-09-22,https://web.ksei.co.id/services/registered-securities/shares?setLocale=en-US,2026-09-22T00:46:23.298883+00:00,85,BABY,MULTITREND INDO Tbk,"DAEN1 - DATINDO ENTRYCOM, PT",25,https://web.ksei.co.id/services/registered-securities/shares/lc/BABY,True
2026-09-22,https://web.ksei.co.id/services/registered-securities/shares?setLocale=en-US,2026-09-22T00:46:23.298883+00:00,86,BACA,BANK CAPITAL INDONESIA Tbk,"SIGU1 - SINARTAMA GUNITA, PT",100,https://web.ksei.co.id/services/registered-securities/shares/lc/BACA,True
2026-09-22,https://web.ksei.co.id/services/registered-securities/shares?setLocale=en-US,2026-09-22T00:46:23.298883+00:00,87,BACH,BACH MULTI GLOBAL Tbk,"ADTR1 - ADIMITRA JASA KORPORA, PT",50,https://web.ksei.co.id/services/registered-securities/shares/lc/BACH,True
2026-09-22,https://web.ksei.co.id/services/registered-securities/shares?setLocale=en-US,2026-09-22T00:46:23.298883+00:00,88,BAIK,BERSAMA MENCAPAI PUNCAK Tbk,"ADTR1 - ADIMITRA JASA KORPORA, PT",50,https://web.ksei.co.id/services/registered-securities/shares/lc/BAIK,True
2026-09-22,https://web.ksei.co.id/services/registered-securities/shares?setLocale=en-US,2026-09-22T00:46:23.298883+00:00,89,BAJA,SARANACENTRAL BAJATAMA Tbk,"ADTR1 - ADIMITRA JASA KORPORA, PT",100,https://web.ksei.co.id/services/registered-securities/shares/lc/BAJA,True
2026-09-22,https://web.ksei.co.id/services/registered-securities/shares?setLocale=en-US,2026-09-22T00:46:23.298883+00:00,90,BALI,BALI TOWERINDO SENTRA Tbk,"SIGU1 - SINARTAMA GUNITA, PT",20,https://web.ksei.co.id/services/registered-securities/shares/lc/BALI,True
2026-09-22,https://web.ksei.co.id/services/registered-securities/shares?setLocale=en-US,2026-09-22T00:46:23.298883+00:00,91,BANK,BANK ALADIN SYARIAH Tbk,"SHIN1 - SHARESTAR INDONESIA, PT",100,https://web.ksei.co.id/services/registered-securities/shares/lc/BANK,True
2026-09-22,https://web.ksei.co.id/services/registered-securities/shares?setLocale=en-US,2026-09-22T00:46:23.298883+00:00,92,BAPA,BEKASI ASRI PEMULA Tbk,"ADTR1 - ADIMITRA JASA KORPORA, PT",100,https://web.ksei.co.id/services/registered-securities/shares/lc/BAPA,True
2026-09-22,https://web.ksei.co.id/services/registered-securities/shares?setLocale=en-US,2026-09-22T00:46:23.298883+00:00,93,BAPI,BHAKTI AGUNG PROPERTINDO Tbk,"BIME1 - BIMA REGISTRA, PT",50,https://web.ksei.co.id/services/registered-securities/shares/lc/BAPI,True
2026-09-22,https://web.ksei.co.id/services/registered-securities/shares?setLocale=en-US,2026-09-22T00:46:23.298883+00:00,94,BATA,SEPATU BATA Tbk,"BIME1 - BIMA REGISTRA, PT",10,https://web.ksei.co.id/services/registered-securities/shares/lc/BATA,True
2026-09-22,https://web.ksei.co.id/services/registered-securities/shares?setLocale=en-US,2026-09-22T00:46:23.298883+00:00,95,BATR,BENTENG API TECHNIC Tbk,"SIGU1 - SINARTAMA GUNITA, PT",20,https://web.ksei.co.id/services/registered-securities/shares/lc/BATR,True
2026-09-22,https://web.ksei.co.id/services/registered-securities/shares?setLocale=en-US,2026-09-22T00:46:23.298883+00:00,96,BAUT,MITRA ANGKASA SEJAHTERA Tbk,"ADTR1 - ADIMITRA JASA KORPORA, PT",10,https://web.ksei.co.id/services/registered-securities/shares/lc/BAUT,True
2026-09-22,https://web.ksei.co.id/services/registered-securities/shares?setLocale=en-US,2026-09-22T00:46:23.298883+00:00,97,BAYU,BAYU BUANA Tbk,"EDI01 - ELECTRONIC DATA INTERCHANGE INDONESIA, PT",500,https://web.ksei.co.id/services/registered-securities/shares/lc/BAYU,True
2026-09-22,https://web.ksei.co.id/services/registered-securities/shares?setLocale=en-US,2026-09-22T00:46:23.298883+00:00,98,BBCA,BANK CENTRAL ASIA Tbk,"RISR1 - RAYA SAHAM REGISTRA, PT",13,https://web.ksei.co.id/services/registered-securities/shares/lc/BBCA,True
2026-09-22,https://web.ksei.co.id/services/registered-securities/shares?setLocale=en-US,2026-09-22T00:46:23.298883+00:00,99,BBHI,ALLO BANK INDONESIA Tbk,"DAEN1 - DATINDO ENTRYCOM, PT",100,https://web.ksei.co.id/services/registered-securities/shares/lc/BBHI,True
2026-09-22,https://web.ksei.co.id/services/registered-securities/shares?setLocale=en-US,2026-09-22T00:46:23.298883+00:00,100,BBKP,BANK KB INDONESIA Tbk,"DAEN1 - DATINDO ENTRYCOM, PT",100,https://web.ksei.co.id/services/registered-securities/shares/lc/BBKP,True
2026-09-22,https://web.ksei.co.id/services/registered-securities/shares?setLocale=en-US,2026-09-22T00:46:23.298883+00:00,101,BBLD,BUANA FINANCE Tbk,"EDI01 - ELECTRONIC DATA INTERCHANGE INDONESIA, PT",250,https://web.ksei.co.id/services/registered-securities/shares/lc/BBLD,True
2026-09-22,https://web.ksei.co.id/services/registered-securities/shares?setLocale=en-US,2026-09-22T00:46:23.298883+00:00,102,BBMD,BANK MESTIKA DHARMA Tbk,"RISR1 - RAYA SAHAM REGISTRA, PT",200,https://web.ksei.co.id/services/registered-securities/shares/lc/BBMD,True
2026-09-22,https://web.ksei.co.id/services/registered-securities/shares?setLocale=en-US,2026-09-22T00:46:23.298883+00:00,103,BBNI,BANK NEGARA INDONESIA Tbk,"DAEN1 - DATINDO ENTRYCOM, PT",3750,https://web.ksei.co.id/services/registered-securities/shares/lc/BBNI,True
2026-09-22,https://web.ksei.co.id/services/registered-securities/shares?setLocale=en-US,2026-09-22T00:46:23.298883+00:00,104,BBRI,BANK RAKYAT INDONESIA (PERSERO) Tbk,"DAEN1 - DATINDO ENTRYCOM, PT",50,https://web.ksei.co.id/services/registered-securities/shares/lc/BBRI,True
2026-09-22,https://web.ksei.co.id/services/registered-securities/shares?setLocale=en-US,2026-09-22T00:46:23.298883+00:00,105,BBRM,PELAYARAN NASIONAL BINA BUANA RAYA Tbk,"DAEN1 - DATINDO ENTRYCOM, PT",150,https://web.ksei.co.id/services/registered-securities/shares/lc/BBRM,True
2026-09-22,https://web.ksei.co.id/services/registered-securities/shares?setLocale=en-US,2026-09-22T00:46:23.298883+00:00,106,BBSI,KROM BANK INDONESIA Tbk,"SIGU1 - SINARTAMA GUNITA, PT",100,https://web.ksei.co.id/services/registered-securities/shares/lc/BBSI,True
2026-09-22,https://web.ksei.co.id/services/registered-securities/shares?setLocale=en-US,2026-09-22T00:46:23.298883+00:00,107,BBSS,BUMI BENOWO SUKSES SEJAHTERA Tbk,"ADTR1 - ADIMITRA JASA KORPORA, PT",20,https://web.ksei.co.id/services/registered-securities/shares/lc/BBSS,True
2026-09-22,https://web.ksei.co.id/services/registered-securities/shares?setLocale=en-US,2026-09-22T00:46:23.298883+00:00,108,BBTN,BANK TABUNGAN NEGARA (PERSERO) Tbk,"DAEN1 - DATINDO ENTRYCOM, PT",500,https://web.ksei.co.id/services/registered-securities/shares/lc/BBTN,True
2026-09-22,https://web.ksei.co.id/services/registered-securities/shares?setLocale=en-US,2026-09-22T00:46:23.298883+00:00,109,BBYB,BANK NEO COMMERCE Tbk,"FIBU1 - FICOMINDO BUANA REGISTRAR, PT",100,https://web.ksei.co.id/services/registered-securities/shares/lc/BBYB,True
2026-09-22,https://web.ksei.co.id/services/registered-securities/shares?setLocale=en-US,2026-09-22T00:46:23.298883+00:00,110,BCAP,MNC KAPITAL INDONESIA Tbk,BSRE1 - BSR INDONESIA PT.,100,https://web.ksei.co.id/services/registered-securities/shares/lc/BCAP,True
2026-09-22,https://web.ksei.co.id/services/registered-securities/shares?setLocale=en-US,2026-09-22T00:46:23.298883+00:00,111,BCIC,BANK JTRUST INDONESIA Tbk,"SIGU1 - SINARTAMA GUNITA, PT",78,https://web.ksei.co.id/services/registered-securities/shares/lc/BCIC,True
2026-09-22,https://web.ksei.co.id/services/registered-securities/shares?setLocale=en-US,2026-09-22T00:46:23.298883+00:00,112,BCIP,BUMI CITRA PERMAI Tbk,"ADTR1 - ADIMITRA JASA KORPORA, PT",100,https://web.ksei.co.id/services/registered-securities/shares/lc/BCIP,True
2026-09-22,https://web.ksei.co.id/services/registered-securities/shares?setLocale=en-US,2026-09-22T00:46:23.298883+00:00,113,BDKR,BERDIKARI PONDASI PERKASA Tbk,"SIGU1 - SINARTAMA GUNITA, PT",100,https://web.ksei.co.id/services/registered-securities/shares/lc/BDKR,True
2026-09-22,https://web.ksei.co.id/services/registered-securities/shares?setLocale=en-US,2026-09-22T00:46:23.298883+00:00,114,BDMN,BANK DANAMON INDONESIA Tbk,"ADTR1 - ADIMITRA JASA KORPORA, PT",50000,https://web.ksei.co.id/services/registered-securities/shares/lc/BDMN,True
2026-09-22,https://web.ksei.co.id/services/registered-securities/shares?setLocale=en-US,2026-09-22T00:46:23.298883+00:00,115,BEBS,BERKAH BETON SADAYA Tbk,"ADTR1 - ADIMITRA JASA KORPORA, PT",10,https://web.ksei.co.id/services/registered-securities/shares/lc/BEBS,True
2026-09-22,https://web.ksei.co.id/services/registered-securities/shares?setLocale=en-US,2026-09-22T00:46:23.298883+00:00,116,BEEF,ESTIKA TATA TIARA Tbk,"ADTR1 - ADIMITRA JASA KORPORA, PT",100,https://web.ksei.co.id/services/registered-securities/shares/lc/BEEF,True
2026-09-22,https://web.ksei.co.id/services/registered-securities/shares?setLocale=en-US,2026-09-22T00:46:23.298883+00:00,117,BEER,JOBUBU JARUM MINAHASA Tbk,"ADTR1 - ADIMITRA JASA KORPORA, PT",10,https://web.ksei.co.id/services/registered-securities/shares/lc/BEER,True
2026-09-22,https://web.ksei.co.id/services/registered-securities/shares?setLocale=en-US,2026-09-22T00:46:23.298883+00:00,118,BEKS,BANK PEMBANGUNAN DAERAH BANTEN Tbk,"RISR1 - RAYA SAHAM REGISTRA, PT",100,https://web.ksei.co.id/services/registered-securities/shares/lc/BEKS,True
2026-09-22,https://web.ksei.co.id/services/registered-securities/shares?setLocale=en-US,2026-09-22T00:46:23.298883+00:00,119,BELI,GLOBAL DIGITAL NIAGA Tbk,"DAEN1 - DATINDO ENTRYCOM, PT",250,https://web.ksei.co.id/services/registered-securities/shares/lc/BELI,True
2026-09-22,https://web.ksei.co.id/services/registered-securities/shares?setLocale=en-US,2026-09-22T00:46:23.298883+00:00,120,BELL,TRISULA TEXTILE INDUSTRIES Tbk,"BIME1 - BIMA REGISTRA, PT",20,https://web.ksei.co.id/services/registered-securities/shares/lc/BELL,True
2026-09-22,https://web.ksei.co.id/services/registered-securities/shares?setLocale=en-US,2026-09-22T00:46:23.298883+00:00,121,BESS,BATULICIN NUSANTARA MARITIM Tbk,"SHIN1 - SHARESTAR INDONESIA, PT",50,https://web.ksei.co.id/services/registered-securities/shares/lc/BESS,True
2026-09-22,https://web.ksei.co.id/services/registered-securities/shares?setLocale=en-US,2026-09-22T00:46:23.298883+00:00,122,BEST,BEKASI FAJAR INDUSTRIAL ESTATE Tbk,"RISR1 - RAYA SAHAM REGISTRA, PT",100,https://web.ksei.co.id/services/registered-securities/shares/lc/BEST,True
2026-09-22,https://web.ksei.co.id/services/registered-securities/shares?setLocale=en-US,2026-09-22T00:46:23.298883+00:00,123,BFIN,BFI FINANCE INDONESIA Tbk,"RISR1 - RAYA SAHAM REGISTRA, PT",25,https://web.ksei.co.id/services/registered-securities/shares/lc/BFIN,True
2026-09-22,https://web.ksei.co.id/services/registered-securities/shares?setLocale=en-US,2026-09-22T00:46:23.298883+00:00,124,BGTG,BANK GANESHA Tbk,"DAEN1 - DATINDO ENTRYCOM, PT",100,https://web.ksei.co.id/services/registered-securities/shares/lc/BGTG,True
2026-09-22,https://web.ksei.co.id/services/registered-securities/shares?setLocale=en-US,2026-09-22T00:46:23.298883+00:00,125,BHAT,BHAKTI MULTI ARTHA Tbk,"SHIN1 - SHARESTAR INDONESIA, PT",100,https://web.ksei.co.id/services/registered-securities/shares/lc/BHAT,True
2026-09-22,https://web.ksei.co.id/services/registered-securities/shares?setLocale=en-US,2026-09-22T00:46:23.298883+00:00,126,BHIT,MNC ASIA HOLDING Tbk,BSRE1 - BSR INDONESIA PT.,100,https://web.ksei.co.id/services/registered-securities/shares/lc/BHIT,True
2026-09-22,https://web.ksei.co.id/services/registered-securities/shares?setLocale=en-US,2026-09-22T00:46:23.298883+00:00,127,BIKA,BINAKARYA JAYA ABADI Tbk,"RISR1 - RAYA SAHAM REGISTRA, PT",100,https://web.ksei.co.id/services/registered-securities/shares/lc/BIKA,True
2026-09-22,https://web.ksei.co.id/services/registered-securities/shares?setLocale=en-US,2026-09-22T00:46:23.298883+00:00,128,BIKE,BHINEKA INOVASI KETAHANAN ENERGI Tbk,"ADTR1 - ADIMITRA JASA KORPORA, PT",25,https://web.ksei.co.id/services/registered-securities/shares/lc/BIKE,True
2026-09-22,https://web.ksei.co.id/services/registered-securities/shares?setLocale=en-US,2026-09-22T00:46:23.298883+00:00,129,BIMA,PRIMARINDO ASIA INFRASTRUCTURE Tbk,"RISR1 - RAYA SAHAM REGISTRA, PT",500,https://web.ksei.co.id/services/registered-securities/shares/lc/BIMA,True
2026-09-22,https://web.ksei.co.id/services/registered-securities/shares?setLocale=en-US,2026-09-22T00:46:23.298883+00:00,130,BINA,BANK INA PERDANA Tbk,"RISR1 - RAYA SAHAM REGISTRA, PT",100,https://web.ksei.co.id/services/registered-securities/shares/lc/BINA,True
2026-09-22,https://web.ksei.co.id/services/registered-securities/shares?setLocale=en-US,2026-09-22T00:46:23.298883+00:00,131,BINO,PERMA PLASINDO Tbk,"BIME1 - BIMA REGISTRA, PT",100,https://web.ksei.co.id/services/registered-securities/shares/lc/BINO,True
2026-09-22,https://web.ksei.co.id/services/registered-securities/shares?setLocale=en-US,2026-09-22T00:46:23.298883+00:00,132,BIPI,ASTRINDO NUSANTARA INFRASTRUKTUR Tbk,"FIBU1 - FICOMINDO BUANA REGISTRAR, PT",100,https://web.ksei.co.id/services/registered-securities/shares/lc/BIPI,True
2026-09-22,https://web.ksei.co.id/services/registered-securities/shares?setLocale=en-US,2026-09-22T00:46:23.298883+00:00,133,BIPP,BHUWANATALA INDAH PERMAI Tbk,"ADTR1 - ADIMITRA JASA KORPORA, PT",500,https://web.ksei.co.id/services/registered-securities/shares/lc/BIPP,True
2026-09-22,https://web.ksei.co.id/services/registered-securities/shares?setLocale=en-US,2026-09-22T00:46:23.298883+00:00,134,BIRD,BLUE BIRD Tbk,"DAEN1 - DATINDO ENTRYCOM, PT",100,https://web.ksei.co.id/services/registered-securities/shares/lc/BIRD,True
2026-09-22,https://web.ksei.co.id/services/registered-securities/shares?setLocale=en-US,2026-09-22T00:46:23.298883+00:00,135,BISI,BISI INTERNATIONAL Tbk,"ADTR1 - ADIMITRA JASA KORPORA, PT",100,https://web.ksei.co.id/services/registered-securities/shares/lc/BISI,True
2026-09-22,https://web.ksei.co.id/services/registered-securities/shares?setLocale=en-US,2026-09-22T00:46:23.298883+00:00,136,BJBR,BANK JABAR BANTEN Tbk,"DAEN1 - DATINDO ENTRYCOM, PT",250,https://web.ksei.co.id/services/registered-securities/shares/lc/BJBR,True
2026-09-22,https://web.ksei.co.id/services/registered-securities/shares?setLocale=en-US,2026-09-22T00:46:23.298883+00:00,137,BJTM,BANK PEMBANGUNAN DAERAH JAWA TIMUR Tbk,"DAEN1 - DATINDO ENTRYCOM, PT",250,https://web.ksei.co.id/services/registered-securities/shares/lc/BJTM,True
2026-09-22,https://web.ksei.co.id/services/registered-securities/shares?setLocale=en-US,2026-09-22T00:46:23.298883+00:00,138,BKDP,BUKIT DARMO PROPERTY Tbk,"SHIN1 - SHARESTAR INDONESIA, PT",100,https://web.ksei.co.id/services/registered-securities/shares/lc/BKDP,True
2026-09-22,https://web.ksei.co.id/services/registered-securities/shares?setLocale=en-US,2026-09-22T00:46:23.298883+00:00,139,BKSL,SENTUL CITY Tbk,"RISR1 - RAYA SAHAM REGISTRA, PT",2000,https://web.ksei.co.id/services/registered-securities/shares/lc/BKSL,True
2026-09-22,https://web.ksei.co.id/services/registered-securities/shares?setLocale=en-US,2026-09-22T00:46:23.298883+00:00,140,BKSW,BANK QNB INDONESIA Tbk,"ADTR1 - ADIMITRA JASA KORPORA, PT",250,https://web.ksei.co.id/services/registered-securities/shares/lc/BKSW,True
2026-09-22,https://web.ksei.co.id/services/registered-securities/shares?setLocale=en-US,2026-09-22T00:46:23.298883+00:00,141,BLES,SUPERIOR PRIMA SUKSES Tbk,"ADTR1 - ADIMITRA JASA KORPORA, PT",50,https://web.ksei.co.id/services/registered-securities/shares/lc/BLES,True
2026-09-22,https://web.ksei.co.id/services/registered-securities/shares?setLocale=en-US,2026-09-22T00:46:23.298883+00:00,142,BLOG,TRIMITRA TRANS PERSADA Tbk,"ADTR1 - ADIMITRA JASA KORPORA, PT",100,https://web.ksei.co.id/services/registered-securities/shares/lc/BLOG,True
2026-09-22,https://web.ksei.co.id/services/registered-securities/shares?setLocale=en-US,2026-09-22T00:46:23.298883+00:00,143,BLTA,BERLIAN LAJU TANKER Tbk,"SIGU1 - SINARTAMA GUNITA, PT",63,https://web.ksei.co.id/services/registered-securities/shares/lc/BLTA,True
2026-09-22,https://web.ksei.co.id/services/registered-securities/shares?setLocale=en-US,2026-09-22T00:46:23.298883+00:00,144,BLTZ,GRAHA LAYAR PRIMA Tbk,"DAEN1 - DATINDO ENTRYCOM, PT",50,https://web.ksei.co.id/services/registered-securities/shares/lc/BLTZ,True
2026-09-22,https://web.ksei.co.id/services/registered-securities/shares?setLocale=en-US,2026-09-22T00:46:23.298883+00:00,145,BLUE,BERKAH PRIMA PERKASA Tbk,"DAEN1 - DATINDO ENTRYCOM, PT",100,https://web.ksei.co.id/services/registered-securities/shares/lc/BLUE,True
2026-09-22,https://web.ksei.co.id/services/registered-securities/shares?setLocale=en-US,2026-09-22T00:46:23.298883+00:00,146,BMAS,BANK KASIKORN INDONESIA Tbk,"ADTR1 - ADIMITRA JASA KORPORA, PT",100,https://web.ksei.co.id/services/registered-securities/shares/lc/BMAS,True
2026-09-22,https://web.ksei.co.id/services/registered-securities/shares?setLocale=en-US,2026-09-22T00:46:23.298883+00:00,147,BMBL,LAVENDER BINA CENDIKIA Tbk,"ADTR1 - ADIMITRA JASA KORPORA, PT",40,https://web.ksei.co.id/services/registered-securities/shares/lc/BMBL,True
2026-09-22,https://web.ksei.co.id/services/registered-securities/shares?setLocale=en-US,2026-09-22T00:46:23.298883+00:00,148,BMHS,BUNDAMEDIK Tbk,"DAEN1 - DATINDO ENTRYCOM, PT",20,https://web.ksei.co.id/services/registered-securities/shares/lc/BMHS,True
2026-09-22,https://web.ksei.co.id/services/registered-securities/shares?setLocale=en-US,2026-09-22T00:46:23.298883+00:00,149,BMRI,BANK MANDIRI ( PERSERO ) Tbk,"DAEN1 - DATINDO ENTRYCOM, PT",125,https://web.ksei.co.id/services/registered-securities/shares/lc/BMRI,True
2026-09-22,https://web.ksei.co.id/services/registered-securities/shares?setLocale=en-US,2026-09-22T00:46:23.298883+00:00,150,BMSR,BINTANG MITRA SEMESTARAYA Tbk,"ADTR1 - ADIMITRA JASA KORPORA, PT",500,https://web.ksei.co.id/services/registered-securities/shares/lc/BMSR,True
2026-09-22,https://web.ksei.co.id/services/registered-securities/shares?setLocale=en-US,2026-09-22T00:46:23.298883+00:00,151,BMTR,GLOBAL MEDIACOM Tbk,BSRE1 - BSR INDONESIA PT.,100,https://web.ksei.co.id/services/registered-securities/shares/lc/BMTR,True
2026-09-22,https://web.ksei.co.id/services/registered-securities/shares?setLocale=en-US,2026-09-22T00:46:23.298883+00:00,152,BNBA,BANK BUMI ARTA Tbk,"ADTR1 - ADIMITRA JASA KORPORA, PT",100,https://web.ksei.co.id/services/registered-securities/shares/lc/BNBA,True
2026-09-22,https://web.ksei.co.id/services/registered-securities/shares?setLocale=en-US,2026-09-22T00:46:23.298883+00:00,153,BNBR,BAKRIE AND BROTHERS Tbk,"EDI01 - ELECTRONIC DATA INTERCHANGE INDONESIA, PT",50000,https://web.ksei.co.id/services/registered-securities/shares/lc/BNBR,True
2026-09-22,https://web.ksei.co.id/services/registered-securities/shares?setLocale=en-US,2026-09-22T00:46:23.298883+00:00,154,BNGA,BANK CIMB NIAGA Tbk,"BIME1 - BIMA REGISTRA, PT",5000,https://web.ksei.co.id/services/registered-securities/shares/lc/BNGA,True
2026-09-22,https://web.ksei.co.id/services/registered-securities/shares?setLocale=en-US,2026-09-22T00:46:23.298883+00:00,155,BNII,BANK MAYBANK INDONESIA Tbk,"SIGU1 - SINARTAMA GUNITA, PT",900,https://web.ksei.co.id/services/registered-securities/shares/lc/BNII,True
2026-09-22,https://web.ksei.co.id/services/registered-securities/shares?setLocale=en-US,2026-09-22T00:46:23.298883+00:00,156,BNLI,BANK PERMATA Tbk,"RISR1 - RAYA SAHAM REGISTRA, PT",12500,https://web.ksei.co.id/services/registered-securities/shares/lc/BNLI,True
2026-09-22,https://web.ksei.co.id/services/registered-securities/shares?setLocale=en-US,2026-09-22T00:46:23.298883+00:00,157,BOAT,NEWPORT MARINE SERVICES Tbk,"DAEN1 - DATINDO ENTRYCOM, PT",5,https://web.ksei.co.id/services/registered-securities/shares/lc/BOAT,True
2026-09-22,https://web.ksei.co.id/services/registered-securities/shares?setLocale=en-US,2026-09-22T00:46:23.298883+00:00,158,BOBA,FORMOSA INGREDIENT FACTORY Tbk,"ADTR1 - ADIMITRA JASA KORPORA, PT",50,https://web.ksei.co.id/services/registered-securities/shares/lc/BOBA,True
2026-09-22,https://web.ksei.co.id/services/registered-securities/shares?setLocale=en-US,2026-09-22T00:46:23.298883+00:00,159,BOGA,APOLLO GLOBAL INTERACTIVE Tbk,"SHIN1 - SHARESTAR INDONESIA, PT",100,https://web.ksei.co.id/services/registered-securities/shares/lc/BOGA,True
2026-09-22,https://web.ksei.co.id/services/registered-securities/shares?setLocale=en-US,2026-09-22T00:46:23.298883+00:00,160,BOLA,BALI BINTANG SEJAHTERA Tbk,"RISR1 - RAYA SAHAM REGISTRA, PT",10,https://web.ksei.co.id/services/registered-securities/shares/lc/BOLA,True
2026-09-22,https://web.ksei.co.id/services/registered-securities/shares?setLocale=en-US,2026-09-22T00:46:23.298883+00:00,161,BOLT,GARUDA METALINDO Tbk,"RISR1 - RAYA SAHAM REGISTRA, PT",100,https://web.ksei.co.id/services/registered-securities/shares/lc/BOLT,True
2026-09-22,https://web.ksei.co.id/services/registered-securities/shares?setLocale=en-US,2026-09-22T00:46:23.298883+00:00,162,BOSS,BORNEO OLAH SARANA SUKSES Tbk,"ADTR1 - ADIMITRA JASA KORPORA, PT",100,https://web.ksei.co.id/services/registered-securities/shares/lc/BOSS,True
2026-09-22,https://web.ksei.co.id/services/registered-securities/shares?setLocale=en-US,2026-09-22T00:46:23.298883+00:00,163,BPFI,WOORI FINANCE INDONESIA Tbk,"ADTR1 - ADIMITRA JASA KORPORA, PT",100,https://web.ksei.co.id/services/registered-securities/shares/lc/BPFI,True
2026-09-22,https://web.ksei.co.id/services/registered-securities/shares?setLocale=en-US,2026-09-22T00:46:23.298883+00:00,164,BPII,BATAVIA PROSPERINDO INTERNASIONAL Tbk,"ADTR1 - ADIMITRA JASA KORPORA, PT",5,https://web.ksei.co.id/services/registered-securities/shares/lc/BPII,True
2026-09-22,https://web.ksei.co.id/services/registered-securities/shares?setLocale=en-US,2026-09-22T00:46:23.298883+00:00,165,BPTR,BATAVIA PROSPERINDO TRANS Tbk,"ADTR1 - ADIMITRA JASA KORPORA, PT",100,https://web.ksei.co.id/services/registered-securities/shares/lc/BPTR,True
2026-09-22,https://web.ksei.co.id/services/registered-securities/shares?setLocale=en-US,2026-09-22T00:46:23.298883+00:00,166,BRAM,INDO KORDSA Tbk,"EDI01 - ELECTRONIC DATA INTERCHANGE INDONESIA, PT",500,https://web.ksei.co.id/services/registered-securities/shares/lc/BRAM,True
2026-09-22,https://web.ksei.co.id/services/registered-securities/shares?setLocale=en-US,2026-09-22T00:46:23.298883+00:00,167,BRAU,BERAU COAL ENERGY Tbk,"SIGU1 - SINARTAMA GUNITA, PT",100,https://web.ksei.co.id/services/registered-securities/shares/lc/BRAU,True
2026-09-22,https://web.ksei.co.id/services/registered-securities/shares?setLocale=en-US,2026-09-22T00:46:23.298883+00:00,168,BREN,BARITO RENEWABLES ENERGY Tbk,"DAEN1 - DATINDO ENTRYCOM, PT",150,https://web.ksei.co.id/services/registered-securities/shares/lc/BREN,True
2026-09-22,https://web.ksei.co.id/services/registered-securities/shares?setLocale=en-US,2026-09-22T00:46:23.298883+00:00,169,BRIS,BANK SYARIAH INDONESIA (PERSERO) Tbk,"DAEN1 - DATINDO ENTRYCOM, PT",500,https://web.ksei.co.id/services/registered-securities/shares/lc/BRIS,True
2026-09-22,https://web.ksei.co.id/services/registered-securities/shares?setLocale=en-US,2026-09-22T00:46:23.298883+00:00,170,BRMS,BUMI RESOURCES MINERALS Tbk,"FIBU1 - FICOMINDO BUANA REGISTRAR, PT",625,https://web.ksei.co.id/services/registered-securities/shares/lc/BRMS,True
2026-09-22,https://web.ksei.co.id/services/registered-securities/shares?setLocale=en-US,2026-09-22T00:46:23.298883+00:00,171,BRNA,BERLINA Tbk,"ADTR1 - ADIMITRA JASA KORPORA, PT",50,https://web.ksei.co.id/services/registered-securities/shares/lc/BRNA,True
2026-09-22,https://web.ksei.co.id/services/registered-securities/shares?setLocale=en-US,2026-09-22T00:46:23.298883+00:00,172,BRPT,BARITO PACIFIC Tbk,"RISR1 - RAYA SAHAM REGISTRA, PT",100,https://web.ksei.co.id/services/registered-securities/shares/lc/BRPT,True
2026-09-22,https://web.ksei.co.id/services/registered-securities/shares?setLocale=en-US,2026-09-22T00:46:23.298883+00:00,173,BRRC,RAJA ROTI CEMERLANG Tbk,"SIGU1 - SINARTAMA GUNITA, PT",25,https://web.ksei.co.id/services/registered-securities/shares/lc/BRRC,True
2026-09-22,https://web.ksei.co.id/services/registered-securities/shares?setLocale=en-US,2026-09-22T00:46:23.298883+00:00,174,BSBK,WULANDARI BANGUN LAKSANA Tbk,"BIME1 - BIMA REGISTRA, PT",10,https://web.ksei.co.id/services/registered-securities/shares/lc/BSBK,True
2026-09-22,https://web.ksei.co.id/services/registered-securities/shares?setLocale=en-US,2026-09-22T00:46:23.298883+00:00,175,BSDE,BUMI SERPONG DAMAI Tbk,"SIGU1 - SINARTAMA GUNITA, PT",100,https://web.ksei.co.id/services/registered-securities/shares/lc/BSDE,True
2026-09-22,https://web.ksei.co.id/services/registered-securities/shares?setLocale=en-US,2026-09-22T00:46:23.298883+00:00,176,BSIM,BANK SINAR MAS Tbk,"SIGU1 - SINARTAMA GUNITA, PT",100,https://web.ksei.co.id/services/registered-securities/shares/lc/BSIM,True
2026-09-22,https://web.ksei.co.id/services/registered-securities/shares?setLocale=en-US,2026-09-22T00:46:23.298883+00:00,177,BSML,BINTANG SAMUDERA MANDIRI LINES Tbk,"BIME1 - BIMA REGISTRA, PT",25,https://web.ksei.co.id/services/registered-securities/shares/lc/BSML,True
2026-09-22,https://web.ksei.co.id/services/registered-securities/shares?setLocale=en-US,2026-09-22T00:46:23.298883+00:00,178,BSSR,BARAMULTI SUKSESSARANA Tbk,"DAEN1 - DATINDO ENTRYCOM, PT",100,https://web.ksei.co.id/services/registered-securities/shares/lc/BSSR,True
2026-09-22,https://web.ksei.co.id/services/registered-securities/shares?setLocale=en-US,2026-09-22T00:46:23.298883+00:00,179,BSWD,BANK OF INDIA INDONESIA Tbk,"ADTR1 - ADIMITRA JASA KORPORA, PT",200,https://web.ksei.co.id/services/registered-securities/shares/lc/BSWD,True
2026-09-22,https://web.ksei.co.id/services/registered-securities/shares?setLocale=en-US,2026-09-22T00:46:23.298883+00:00,180,BTEK,BUMI TEKNOKULTURA UNGGUL Tbk,"FIBU1 - FICOMINDO BUANA REGISTRAR, PT",13,https://web.ksei.co.id/services/registered-securities/shares/lc/BTEK,True
2026-09-22,https://web.ksei.co.id/services/registered-securities/shares?setLocale=en-US,2026-09-22T00:46:23.298883+00:00,181,BTEL,BAKRIE TELECOM Tbk,"FIBU1 - FICOMINDO BUANA REGISTRAR, PT",100,https://web.ksei.co.id/services/registered-securities/shares/lc/BTEL,True
2026-09-22,https://web.ksei.co.id/services/registered-securities/shares?setLocale=en-US,2026-09-22T00:46:23.298883+00:00,182,BTON,BETONJAYA MANUNGGAL Tbk,BSRE1 - BSR INDONESIA PT.,100,https://web.ksei.co.id/services/registered-securities/shares/lc/BTON,True
2026-09-22,https://web.ksei.co.id/services/registered-securities/shares?setLocale=en-US,2026-09-22T00:46:23.298883+00:00,183,BTPN,BANK SMBC INDONESIA Tbk,"DAEN1 - DATINDO ENTRYCOM, PT",20,https://web.ksei.co.id/services/registered-securities/shares/lc/BTPN,True
2026-09-22,https://web.ksei.co.id/services/registered-securities/shares?setLocale=en-US,2026-09-22T00:46:23.298883+00:00,184,BTPS,BANK BTPN SYARIAH Tbk,"DAEN1 - DATINDO ENTRYCOM, PT",100,https://web.ksei.co.id/services/registered-securities/shares/lc/BTPS,True
2026-09-22,https://web.ksei.co.id/services/registered-securities/shares?setLocale=en-US,2026-09-22T00:46:23.298883+00:00,185,BUAH,SEGAR KUMALA INDONESIA Tbk,"ADTR1 - ADIMITRA JASA KORPORA, PT",50,https://web.ksei.co.id/services/registered-securities/shares/lc/BUAH,True
2026-09-22,https://web.ksei.co.id/services/registered-securities/shares?setLocale=en-US,2026-09-22T00:46:23.298883+00:00,186,BUDI,BUDI STARCH & SWEETENER Tbk,"SIGU1 - SINARTAMA GUNITA, PT",125,https://web.ksei.co.id/services/registered-securities/shares/lc/BUDI,True
2026-09-22,https://web.ksei.co.id/services/registered-securities/shares?setLocale=en-US,2026-09-22T00:46:23.298883+00:00,187,BUKA,BUKALAPAK.COM Tbk,"DAEN1 - DATINDO ENTRYCOM, PT",50,https://web.ksei.co.id/services/registered-securities/shares/lc/BUKA,True
2026-09-22,https://web.ksei.co.id/services/registered-securities/shares?setLocale=en-US,2026-09-22T00:46:23.298883+00:00,188,BUKK,BUKAKA TEKNIK UTAMA Tbk,BSRE1 - BSR INDONESIA PT.,338,https://web.ksei.co.id/services/registered-securities/shares/lc/BUKK,True
2026-09-22,https://web.ksei.co.id/services/registered-securities/shares?setLocale=en-US,2026-09-22T00:46:23.298883+00:00,189,BULL,BUANA LINTAS LAUTAN Tbk,"SIGU1 - SINARTAMA GUNITA, PT",800,https://web.ksei.co.id/services/registered-securities/shares/lc/BULL,True
2026-09-22,https://web.ksei.co.id/services/registered-securities/shares?setLocale=en-US,2026-09-22T00:46:23.298883+00:00,190,BUMI,BUMI RESOURCES Tbk,"FIBU1 - FICOMINDO BUANA REGISTRAR, PT",500,https://web.ksei.co.id/services/registered-securities/shares/lc/BUMI,True
2026-09-22,https://web.ksei.co.id/services/registered-securities/shares?setLocale=en-US,2026-09-22T00:46:23.298883+00:00,191,BUVA,BUKIT ULUWATU VILLA Tbk,"EDI01 - ELECTRONIC DATA INTERCHANGE INDONESIA, PT",50,https://web.ksei.co.id/services/registered-securities/shares/lc/BUVA,True
2026-09-22,https://web.ksei.co.id/services/registered-securities/shares?setLocale=en-US,2026-09-22T00:46:23.298883+00:00,192,BVIC,BANK VICTORIA INTERNATIONAL Tbk,"ADTR1 - ADIMITRA JASA KORPORA, PT",100,https://web.ksei.co.id/services/registered-securities/shares/lc/BVIC,True
2026-09-22,https://web.ksei.co.id/services/registered-securities/shares?setLocale=en-US,2026-09-22T00:46:23.298883+00:00,193,BWPT,"EAGLE HIGH PLANTATIONS, Tbk",BSRE1 - BSR INDONESIA PT.,100,https://web.ksei.co.id/services/registered-securities/shares/lc/BWPT,True
2026-09-22,https://web.ksei.co.id/services/registered-securities/shares?setLocale=en-US,2026-09-22T00:46:23.298883+00:00,194,BYAN,BAYAN RESOURCES Tbk,"RISR1 - RAYA SAHAM REGISTRA, PT",10,https://web.ksei.co.id/services/registered-securities/shares/lc/BYAN,True
2026-09-22,https://web.ksei.co.id/services/registered-securities/shares?setLocale=en-US,2026-09-22T00:46:23.298883+00:00,195,CAKK,CAHAYAPUTRA ASA KERAMIK Tbk,"FIBU1 - FICOMINDO BUANA REGISTRAR, PT",100,https://web.ksei.co.id/services/registered-securities/shares/lc/CAKK,True
2026-09-22,https://web.ksei.co.id/services/registered-securities/shares?setLocale=en-US,2026-09-22T00:46:23.298883+00:00,196,CAMP,CAMPINA ICE CREAM INDUSTRY Tbk,"ADTR1 - ADIMITRA JASA KORPORA, PT",100,https://web.ksei.co.id/services/registered-securities/shares/lc/CAMP,True
2026-09-22,https://web.ksei.co.id/services/registered-securities/shares?setLocale=en-US,2026-09-22T00:46:23.298883+00:00,197,CANI,CAPITOL NUSANTARA INDONESIA Tbk,"ADTR1 - ADIMITRA JASA KORPORA, PT",100,https://web.ksei.co.id/services/registered-securities/shares/lc/CANI,True
2026-09-22,https://web.ksei.co.id/services/registered-securities/shares?setLocale=en-US,2026-09-22T00:46:23.298883+00:00,198,CARE,METRO HEALTHCARE INDONESIA Tbk,"SHIN1 - SHARESTAR INDONESIA, PT",100,https://web.ksei.co.id/services/registered-securities/shares/lc/CARE,True
2026-09-22,https://web.ksei.co.id/services/registered-securities/shares?setLocale=en-US,2026-09-22T00:46:23.298883+00:00,199,CARS,INDUSTRI DAN PERDAGANGAN BINTRACO DHARMA Tbk,"RISR1 - RAYA SAHAM REGISTRA, PT",10,https://web.ksei.co.id/services/registered-securities/shares/lc/CARS,True
2026-09-22,https://web.ksei.co.id/services/registered-securities/shares?setLocale=en-US,2026-09-22T00:46:23.298883+00:00,200,CASA,CAPITAL FINANCIAL INDONESIA Tbk,"SIGU1 - SINARTAMA GUNITA, PT",100,https://web.ksei.co.id/services/registered-securities/shares/lc/CASA,True
2026-09-22,https://web.ksei.co.id/services/registered-securities/shares?setLocale=en-US,2026-09-22T00:46:23.298883+00:00,201,CASH,CASHLEZ WORLDWIDE INDONESIA Tbk,"SIGU1 - SINARTAMA GUNITA, PT",12,https://web.ksei.co.id/services/registered-securities/shares/lc/CASH,True
2026-09-22,https://web.ksei.co.id/services/registered-securities/shares?setLocale=en-US,2026-09-22T00:46:23.298883+00:00,202,CASS,CAHAYA AERO SERVICES Tbk,"DAEN1 - DATINDO ENTRYCOM, PT",100,https://web.ksei.co.id/services/registered-securities/shares/lc/CASS,True
2026-09-22,https://web.ksei.co.id/services/registered-securities/shares?setLocale=en-US,2026-09-22T00:46:23.298883+00:00,203,CBDK,BANGUN KOSAMBI SUKSES Tbk,"ADTR1 - ADIMITRA JASA KORPORA, PT",20,https://web.ksei.co.id/services/registered-securities/shares/lc/CBDK,True
2026-09-22,https://web.ksei.co.id/services/registered-securities/shares?setLocale=en-US,2026-09-22T00:46:23.298883+00:00,204,CBMF,CAHAYA BINTANG MEDAN Tbk,"ADTR1 - ADIMITRA JASA KORPORA, PT",100,https://web.ksei.co.id/services/registered-securities/shares/lc/CBMF,True
2026-09-22,https://web.ksei.co.id/services/registered-securities/shares?setLocale=en-US,2026-09-22T00:46:23.298883+00:00,205,CBPE,CITRA BUANA PRASIDA Tbk,"ADTR1 - ADIMITRA JASA KORPORA, PT",100,https://web.ksei.co.id/services/registered-securities/shares/lc/CBPE,True
2026-09-22,https://web.ksei.co.id/services/registered-securities/shares?setLocale=en-US,2026-09-22T00:46:23.298883+00:00,206,CBRE,CAKRA BUANA RESOURCES ENERGI Tbk,"ADTR1 - ADIMITRA JASA KORPORA, PT",25,https://web.ksei.co.id/services/registered-securities/shares/lc/CBRE,True
2026-09-22,https://web.ksei.co.id/services/registered-securities/shares?setLocale=en-US,2026-09-22T00:46:23.298883+00:00,207,CBUT,CITRA BORNEO UTAMA Tbk,"DAEN1 - DATINDO ENTRYCOM, PT",100,https://web.ksei.co.id/services/registered-securities/shares/lc/CBUT,True
2026-09-22,https://web.ksei.co.id/services/registered-securities/shares?setLocale=en-US,2026-09-22T00:46:23.298883+00:00,208,CCSI,COMMUNICATION CABLE SYSTEMS INDONESIA Tbk,"ADTR1 - ADIMITRA JASA KORPORA, PT",100,https://web.ksei.co.id/services/registered-securities/shares/lc/CCSI,True
2026-09-22,https://web.ksei.co.id/services/registered-securities/shares?setLocale=en-US,2026-09-22T00:46:23.298883+00:00,209,CDIA,CHANDRA DAYA INVESTASI Tbk,"DAEN1 - DATINDO ENTRYCOM, PT",100,https://web.ksei.co.id/services/registered-securities/shares/lc/CDIA,True
2026-09-22,https://web.ksei.co.id/services/registered-securities/shares?setLocale=en-US,2026-09-22T00:46:23.298883+00:00,210,CEKA,WILMAR CAHAYA INDONESIA Tbk,"ADTR1 - ADIMITRA JASA KORPORA, PT",250,https://web.ksei.co.id/services/registered-securities/shares/lc/CEKA,True
2026-09-22,https://web.ksei.co.id/services/registered-securities/shares?setLocale=en-US,2026-09-22T00:46:23.298883+00:00,211,CENT,CENTRATAMA TELEKOMUNIKASI INDONESIA Tbk,"DAEN1 - DATINDO ENTRYCOM, PT",100,https://web.ksei.co.id/services/registered-securities/shares/lc/CENT,True
2026-09-22,https://web.ksei.co.id/services/registered-securities/shares?setLocale=en-US,2026-09-22T00:46:23.298883+00:00,212,CFIN,CLIPAN FINANCE INDONESIA Tbk,"RISR1 - RAYA SAHAM REGISTRA, PT",250,https://web.ksei.co.id/services/registered-securities/shares/lc/CFIN,True
2026-09-22,https://web.ksei.co.id/services/registered-securities/shares?setLocale=en-US,2026-09-22T00:46:23.298883+00:00,213,CGAS,CITRA NUSANTARA GEMILANG Tbk,"BIME1 - BIMA REGISTRA, PT",50,https://web.ksei.co.id/services/registered-securities/shares/lc/CGAS,True
2026-09-22,https://web.ksei.co.id/services/registered-securities/shares?setLocale=en-US,2026-09-22T00:46:23.298883+00:00,214,CHEK,DIASTIKA BIOTEKINDO Tbk,"ADTR1 - ADIMITRA JASA KORPORA, PT",20,https://web.ksei.co.id/services/registered-securities/shares/lc/CHEK,True
2026-09-22,https://web.ksei.co.id/services/registered-securities/shares?setLocale=en-US,2026-09-22T00:46:23.298883+00:00,215,CHEM,CHEMSTAR INDONESIA Tbk,"SIGU1 - SINARTAMA GUNITA, PT",25,https://web.ksei.co.id/services/registered-securities/shares/lc/CHEM,True
2026-09-22,https://web.ksei.co.id/services/registered-securities/shares?setLocale=en-US,2026-09-22T00:46:23.298883+00:00,216,CHIP,PELITA TEKNOLOGI GLOBAL Tbk,"BIME1 - BIMA REGISTRA, PT",10,https://web.ksei.co.id/services/registered-securities/shares/lc/CHIP,True
2026-09-22,https://web.ksei.co.id/services/registered-securities/shares?setLocale=en-US,2026-09-22T00:46:23.298883+00:00,217,CINT,CHITOSE INTERNASIONAL Tbk,"SIGU1 - SINARTAMA GUNITA, PT",100,https://web.ksei.co.id/services/registered-securities/shares/lc/CINT,True
2026-09-22,https://web.ksei.co.id/services/registered-securities/shares?setLocale=en-US,2026-09-22T00:46:23.298883+00:00,218,CITA,CITA MINERAL INVESTINDO Tbk,"FIBU1 - FICOMINDO BUANA REGISTRAR, PT",100,https://web.ksei.co.id/services/registered-securities/shares/lc/CITA,True
2026-09-22,https://web.ksei.co.id/services/registered-securities/shares?setLocale=en-US,2026-09-22T00:46:23.298883+00:00,219,CITY,NATURA CITY DEVELOPMENTS Tbk,"BIME1 - BIMA REGISTRA, PT",100,https://web.ksei.co.id/services/registered-securities/shares/lc/CITY,True
2026-09-22,https://web.ksei.co.id/services/registered-securities/shares?setLocale=en-US,2026-09-22T00:46:23.298883+00:00,220,CLAY,CITRA PUTRA REALTY Tbk,"ADTR1 - ADIMITRA JASA KORPORA, PT",100,https://web.ksei.co.id/services/registered-securities/shares/lc/CLAY,True
2026-09-22,https://web.ksei.co.id/services/registered-securities/shares?setLocale=en-US,2026-09-22T00:46:23.298883+00:00,221,CLEO,SARIGUNA PRIMATIRTA Tbk,"BIME1 - BIMA REGISTRA, PT",20,https://web.ksei.co.id/services/registered-securities/shares/lc/CLEO,True
2026-09-22,https://web.ksei.co.id/services/registered-securities/shares?setLocale=en-US,2026-09-22T00:46:23.298883+00:00,222,CLPI,COLORPAK INDONESIA Tbk,"SIGU1 - SINARTAMA GUNITA, PT",100,https://web.ksei.co.id/services/registered-securities/shares/lc/CLPI,True
2026-09-22,https://web.ksei.co.id/services/registered-securities/shares?setLocale=en-US,2026-09-22T00:46:23.298883+00:00,223,CMNP,CITRA MARGA NUSAPHALA PERSADA Tbk,"RISR1 - RAYA SAHAM REGISTRA, PT",500,https://web.ksei.co.id/services/registered-securities/shares/lc/CMNP,True
2026-09-22,https://web.ksei.co.id/services/registered-securities/shares?setLocale=en-US,2026-09-22T00:46:23.298883+00:00,224,CMNT,CEMINDO GEMILANG Tbk,"FIBU1 - FICOMINDO BUANA REGISTRAR, PT",500,https://web.ksei.co.id/services/registered-securities/shares/lc/CMNT,True
2026-09-22,https://web.ksei.co.id/services/registered-securities/shares?setLocale=en-US,2026-09-22T00:46:23.298883+00:00,225,CMPP,AIRASIA INDONESIA Tbk,"BIME1 - BIMA REGISTRA, PT",250,https://web.ksei.co.id/services/registered-securities/shares/lc/CMPP,True
2026-09-22,https://web.ksei.co.id/services/registered-securities/shares?setLocale=en-US,2026-09-22T00:46:23.298883+00:00,226,CMRY,CISARUA MOUNTAIN DAIRY Tbk,"DAEN1 - DATINDO ENTRYCOM, PT",10,https://web.ksei.co.id/services/registered-securities/shares/lc/CMRY,True
2026-09-22,https://web.ksei.co.id/services/registered-securities/shares?setLocale=en-US,2026-09-22T00:46:23.298883+00:00,227,CNKO,EXPLOITASI ENERGI INDONESIA Tbk,"SIGU1 - SINARTAMA GUNITA, PT",2000,https://web.ksei.co.id/services/registered-securities/shares/lc/CNKO,True
2026-09-22,https://web.ksei.co.id/services/registered-securities/shares?setLocale=en-US,2026-09-22T00:46:23.298883+00:00,228,CNMA,NUSANTARA SEJAHTERA RAYA Tbk,"DAEN1 - DATINDO ENTRYCOM, PT",8,https://web.ksei.co.id/services/registered-securities/shares/lc/CNMA,True
2026-09-22,https://web.ksei.co.id/services/registered-securities/shares?setLocale=en-US,2026-09-22T00:46:23.298883+00:00,229,COAL,BLACK DIAMOND RESOURCES Tbk,"ADTR1 - ADIMITRA JASA KORPORA, PT",10,https://web.ksei.co.id/services/registered-securities/shares/lc/COAL,True
2026-09-22,https://web.ksei.co.id/services/registered-securities/shares?setLocale=en-US,2026-09-22T00:46:23.298883+00:00,230,COCO,WAHANA INTERFOOD NUSANTARA Tbk,"SIGU1 - SINARTAMA GUNITA, PT",100,https://web.ksei.co.id/services/registered-securities/shares/lc/COCO,True
2026-09-22,https://web.ksei.co.id/services/registered-securities/shares?setLocale=en-US,2026-09-22T00:46:23.298883+00:00,231,COIN,INDOKRIPTO KOIN SEMESTA Tbk,"DAEN1 - DATINDO ENTRYCOM, PT",100,https://web.ksei.co.id/services/registered-securities/shares/lc/COIN,True
2026-09-22,https://web.ksei.co.id/services/registered-securities/shares?setLocale=en-US,2026-09-22T00:46:23.298883+00:00,232,COWL,COWELL DEVELOPMENT Tbk,"BIME1 - BIMA REGISTRA, PT",100,https://web.ksei.co.id/services/registered-securities/shares/lc/COWL,True
2026-09-22,https://web.ksei.co.id/services/registered-securities/shares?setLocale=en-US,2026-09-22T00:46:23.298883+00:00,233,CPIN,CHAROEN POKPHAND INDONESIA Tbk,"ADTR1 - ADIMITRA JASA KORPORA, PT",10,https://web.ksei.co.id/services/registered-securities/shares/lc/CPIN,True
2026-09-22,https://web.ksei.co.id/services/registered-securities/shares?setLocale=en-US,2026-09-22T00:46:23.298883+00:00,234,CPRI,CAPRI NUSA SATU PROPERTI Tbk,"FIBU1 - FICOMINDO BUANA REGISTRAR, PT",100,https://web.ksei.co.id/services/registered-securities/shares/lc/CPRI,True
2026-09-22,https://web.ksei.co.id/services/registered-securities/shares?setLocale=en-US,2026-09-22T00:46:23.298883+00:00,235,CPRO,CENTRAL PROTEINAPRIMA Tbk,"BIME1 - BIMA REGISTRA, PT",100,https://web.ksei.co.id/services/registered-securities/shares/lc/CPRO,True
2026-09-22,https://web.ksei.co.id/services/registered-securities/shares?setLocale=en-US,2026-09-22T00:46:23.298883+00:00,236,CRAB,TOBA SURIMI INDUSTRIES Tbk,"ADTR1 - ADIMITRA JASA KORPORA, PT",50,https://web.ksei.co.id/services/registered-securities/shares/lc/CRAB,True
2026-09-22,https://web.ksei.co.id/services/registered-securities/shares?setLocale=en-US,2026-09-22T00:46:23.298883+00:00,237,CRSN,CARSURIN Tbk,"ADTR1 - ADIMITRA JASA KORPORA, PT",50,https://web.ksei.co.id/services/registered-securities/shares/lc/CRSN,True
2026-09-22,https://web.ksei.co.id/services/registered-securities/shares?setLocale=en-US,2026-09-22T00:46:23.298883+00:00,238,CSAP,CATUR SENTOSA ADIPRANA Tbk,"DAEN1 - DATINDO ENTRYCOM, PT",100,https://web.ksei.co.id/services/registered-securities/shares/lc/CSAP,True
2026-09-22,https://web.ksei.co.id/services/registered-securities/shares?setLocale=en-US,2026-09-22T00:46:23.298883+00:00,239,CSIS,CAHAYASAKTI INVESTINDO SUKSES Tbk,"SHIN1 - SHARESTAR INDONESIA, PT",100,https://web.ksei.co.id/services/registered-securities/shares/lc/CSIS,True
2026-09-22,https://web.ksei.co.id/services/registered-securities/shares?setLocale=en-US,2026-09-22T00:46:23.298883+00:00,240,CSMI,CIPTA SELERA MURNI Tbk,"ADTR1 - ADIMITRA JASA KORPORA, PT",50,https://web.ksei.co.id/services/registered-securities/shares/lc/CSMI,True
2026-09-22,https://web.ksei.co.id/services/registered-securities/shares?setLocale=en-US,2026-09-22T00:46:23.298883+00:00,241,CSRA,CISADANE SAWIT RAYA Tbk,"ADTR1 - ADIMITRA JASA KORPORA, PT",100,https://web.ksei.co.id/services/registered-securities/shares/lc/CSRA,True
2026-09-22,https://web.ksei.co.id/services/registered-securities/shares?setLocale=en-US,2026-09-22T00:46:23.298883+00:00,242,CTBN,CITRA TUBINDO Tbk,"RISR1 - RAYA SAHAM REGISTRA, PT",100,https://web.ksei.co.id/services/registered-securities/shares/lc/CTBN,True
2026-09-22,https://web.ksei.co.id/services/registered-securities/shares?setLocale=en-US,2026-09-22T00:46:23.298883+00:00,243,CTRA,CIPUTRA DEVELOPMENT Tbk,"EDI01 - ELECTRONIC DATA INTERCHANGE INDONESIA, PT",250,https://web.ksei.co.id/services/registered-securities/shares/lc/CTRA,True
2026-09-22,https://web.ksei.co.id/services/registered-securities/shares?setLocale=en-US,2026-09-22T00:46:23.298883+00:00,244,CTTH,CITATAH Tbk,"EDI01 - ELECTRONIC DATA INTERCHANGE INDONESIA, PT",500,https://web.ksei.co.id/services/registered-securities/shares/lc/CTTH,True
2026-09-22,https://web.ksei.co.id/services/registered-securities/shares?setLocale=en-US,2026-09-22T00:46:23.298883+00:00,245,CUAN,PETRINDO JAYA KREASI Tbk,"DAEN1 - DATINDO ENTRYCOM, PT",20,https://web.ksei.co.id/services/registered-securities/shares/lc/CUAN,True
2026-09-22,https://web.ksei.co.id/services/registered-securities/shares?setLocale=en-US,2026-09-22T00:46:23.298883+00:00,246,CYBR,ITSEC ASIA Tbk,"ADTR1 - ADIMITRA JASA KORPORA, PT",25,https://web.ksei.co.id/services/registered-securities/shares/lc/CYBR,True
2026-09-22,https://web.ksei.co.id/services/registered-securities/shares?setLocale=en-US,2026-09-22T00:46:23.298883+00:00,247,DAAZ,DAAZ BARA LESTARI Tbk,"ADTR1 - ADIMITRA JASA KORPORA, PT",100,https://web.ksei.co.id/services/registered-securities/shares/lc/DAAZ,True
2026-09-22,https://web.ksei.co.id/services/registered-securities/shares?setLocale=en-US,2026-09-22T00:46:23.298883+00:00,248,DADA,DIAMOND CITRA PROPERTINDO Tbk,"ADTR1 - ADIMITRA JASA KORPORA, PT",20,https://web.ksei.co.id/services/registered-securities/shares/lc/DADA,True
2026-09-22,https://web.ksei.co.id/services/registered-securities/shares?setLocale=en-US,2026-09-22T00:46:23.298883+00:00,249,DART,DUTA ANGGADA REALTY Tbk,"RISR1 - RAYA SAHAM REGISTRA, PT",500,https://web.ksei.co.id/services/registered-securities/shares/lc/DART,True
2026-09-22,https://web.ksei.co.id/services/registered-securities/shares?setLocale=en-US,2026-09-22T00:46:23.298883+00:00,250,DATA,REMALA ABADI Tbk,"ADTR1 - ADIMITRA JASA KORPORA, PT",50,https://web.ksei.co.id/services/registered-securities/shares/lc/DATA,True
2026-09-22,https://web.ksei.co.id/services/registered-securities/shares?setLocale=en-US,2026-09-22T00:46:23.298883+00:00,251,DAYA,DUTA INTIDAYA Tbk,"DAEN1 - DATINDO ENTRYCOM, PT",100,https://web.ksei.co.id/services/registered-securities/shares/lc/DAYA,True
2026-09-22,https://web.ksei.co.id/services/registered-securities/shares?setLocale=en-US,2026-09-22T00:46:23.298883+00:00,252,DCII,DCI INDONESIA Tbk,"RISR1 - RAYA SAHAM REGISTRA, PT",125,https://web.ksei.co.id/services/registered-securities/shares/lc/DCII,True
2026-09-22,https://web.ksei.co.id/services/registered-securities/shares?setLocale=en-US,2026-09-22T00:46:23.298883+00:00,253,DEAL,DEWATA FREIGHTINTERNATIONAL Tbk,"SIGU1 - SINARTAMA GUNITA, PT",100,https://web.ksei.co.id/services/registered-securities/shares/lc/DEAL,True
2026-09-22,https://web.ksei.co.id/services/registered-securities/shares?setLocale=en-US,2026-09-22T00:46:23.298883+00:00,254,DEFI,DANASUPRA ERAPACIFIC Tbk,"ADTR1 - ADIMITRA JASA KORPORA, PT",50,https://web.ksei.co.id/services/registered-securities/shares/lc/DEFI,True
2026-09-22,https://web.ksei.co.id/services/registered-securities/shares?setLocale=en-US,2026-09-22T00:46:23.298883+00:00,255,DEPO,CATURKARDA DEPO BANGUNAN Tbk,"BIME1 - BIMA REGISTRA, PT",25,https://web.ksei.co.id/services/registered-securities/shares/lc/DEPO,True
2026-09-22,https://web.ksei.co.id/services/registered-securities/shares?setLocale=en-US,2026-09-22T00:46:23.298883+00:00,256,DEWA,DARMA HENWA Tbk,"FIBU1 - FICOMINDO BUANA REGISTRAR, PT",100,https://web.ksei.co.id/services/registered-securities/shares/lc/DEWA,True
2026-09-22,https://web.ksei.co.id/services/registered-securities/shares?setLocale=en-US,2026-09-22T00:46:23.298883+00:00,257,DEWI,DEWI SHRI FARMINDO Tbk,"ADTR1 - ADIMITRA JASA KORPORA, PT",100,https://web.ksei.co.id/services/registered-securities/shares/lc/DEWI,True
2026-09-22,https://web.ksei.co.id/services/registered-securities/shares?setLocale=en-US,2026-09-22T00:46:23.298883+00:00,258,DFAM,DAFAM PROPERTY INDONESIA Tbk,"SIGU1 - SINARTAMA GUNITA, PT",100,https://web.ksei.co.id/services/registered-securities/shares/lc/DFAM,True
2026-09-22,https://web.ksei.co.id/services/registered-securities/shares?setLocale=en-US,2026-09-22T00:46:23.298883+00:00,259,DGIK,NUSA KONSTRUKSI ENJINIRING Tbk,"ADTR1 - ADIMITRA JASA KORPORA, PT",100,https://web.ksei.co.id/services/registered-securities/shares/lc/DGIK,True
2026-09-22,https://web.ksei.co.id/services/registered-securities/shares?setLocale=en-US,2026-09-22T00:46:23.298883+00:00,260,DGNS,DIAGNOS LABORATORIUM UTAMA Tbk,"ADTR1 - ADIMITRA JASA KORPORA, PT",25,https://web.ksei.co.id/services/registered-securities/shares/lc/DGNS,True
2026-09-22,https://web.ksei.co.id/services/registered-securities/shares?setLocale=en-US,2026-09-22T00:46:23.298883+00:00,261,DGWG,DELTA GIRI WACANA Tbk,"ADTR1 - ADIMITRA JASA KORPORA, PT",100,https://web.ksei.co.id/services/registered-securities/shares/lc/DGWG,True
2026-09-22,https://web.ksei.co.id/services/registered-securities/shares?setLocale=en-US,2026-09-22T00:46:23.298883+00:00,262,DIGI,ARKADIA DIGITAL MEDIA Tbk,"BIME1 - BIMA REGISTRA, PT",20,https://web.ksei.co.id/services/registered-securities/shares/lc/DIGI,True
2026-09-22,https://web.ksei.co.id/services/registered-securities/shares?setLocale=en-US,2026-09-22T00:46:23.298883+00:00,263,DILD,INTILAND DEVELOPMENT Tbk,"EDI01 - ELECTRONIC DATA INTERCHANGE INDONESIA, PT",500,https://web.ksei.co.id/services/registered-securities/shares/lc/DILD,True
2026-09-22,https://web.ksei.co.id/services/registered-securities/shares?setLocale=en-US,2026-09-22T00:46:23.298883+00:00,264,DIVA,DISTRIBUSI VOUCHER NUSANTARA Tbk,"ADTR1 - ADIMITRA JASA KORPORA, PT",50,https://web.ksei.co.id/services/registered-securities/shares/lc/DIVA,True
2026-09-22,https://web.ksei.co.id/services/registered-securities/shares?setLocale=en-US,2026-09-22T00:46:23.298883+00:00,265,DKFT,CENTRAL OMEGA RESOURCES Tbk,"SIGU1 - SINARTAMA GUNITA, PT",100,https://web.ksei.co.id/services/registered-securities/shares/lc/DKFT,True
2026-09-22,https://web.ksei.co.id/services/registered-securities/shares?setLocale=en-US,2026-09-22T00:46:23.298883+00:00,266,DKHH,CIPTA SARANA MEDIKA Tbk,"ADTR1 - ADIMITRA JASA KORPORA, PT",50,https://web.ksei.co.id/services/registered-securities/shares/lc/DKHH,True
2026-09-22,https://web.ksei.co.id/services/registered-securities/shares?setLocale=en-US,2026-09-22T00:46:23.298883+00:00,267,DLTA,DELTA DJAKARTA Tbk,"RISR1 - RAYA SAHAM REGISTRA, PT",20,https://web.ksei.co.id/services/registered-securities/shares/lc/DLTA,True
2026-09-22,https://web.ksei.co.id/services/registered-securities/shares?setLocale=en-US,2026-09-22T00:46:23.298883+00:00,268,DMAD,DEEMADE KARYA INDONESIA Tbk,"ADTR1 - ADIMITRA JASA KORPORA, PT",500,https://web.ksei.co.id/services/registered-securities/shares/lc/DMAD,True
2026-09-22,https://web.ksei.co.id/services/registered-securities/shares?setLocale=en-US,2026-09-22T00:46:23.298883+00:00,269,DMAS,PURADELTA LESTARI Tbk,"SIGU1 - SINARTAMA GUNITA, PT",100,https://web.ksei.co.id/services/registered-securities/shares/lc/DMAS,True
2026-09-22,https://web.ksei.co.id/services/registered-securities/shares?setLocale=en-US,2026-09-22T00:46:23.298883+00:00,270,DMMX,DIGITAL MEDIATAMA MAXIMA Tbk,"ADTR1 - ADIMITRA JASA KORPORA, PT",10,https://web.ksei.co.id/services/registered-securities/shares/lc/DMMX,True
2026-09-22,https://web.ksei.co.id/services/registered-securities/shares?setLocale=en-US,2026-09-22T00:46:23.298883+00:00,271,DMND,DIAMOND FOOD INDONESIA Tbk,"DAEN1 - DATINDO ENTRYCOM, PT",25,https://web.ksei.co.id/services/registered-securities/shares/lc/DMND,True
2026-09-22,https://web.ksei.co.id/services/registered-securities/shares?setLocale=en-US,2026-09-22T00:46:23.298883+00:00,272,DNAR,BANK OKE INDONESIA Tbk,"FIBU1 - FICOMINDO BUANA REGISTRAR, PT",100,https://web.ksei.co.id/services/registered-securities/shares/lc/DNAR,True
2026-09-22,https://web.ksei.co.id/services/registered-securities/shares?setLocale=en-US,2026-09-22T00:46:23.298883+00:00,273,DNET,INDORITEL MAKMUR INTERNASIONAL Tbk,"RISR1 - RAYA SAHAM REGISTRA, PT",250,https://web.ksei.co.id/services/registered-securities/shares/lc/DNET,True
2026-09-22,https://web.ksei.co.id/services/registered-securities/shares?setLocale=en-US,2026-09-22T00:46:23.298883+00:00,274,DOID,BUMA INTERNASIONAL GRUP Tbk,"DAEN1 - DATINDO ENTRYCOM, PT",50,https://web.ksei.co.id/services/registered-securities/shares/lc/DOID,True
2026-09-22,https://web.ksei.co.id/services/registered-securities/shares?setLocale=en-US,2026-09-22T00:46:23.298883+00:00,275,DOOH,ERA MEDIA SEJAHTERA Tbk,"FIBU1 - FICOMINDO BUANA REGISTRAR, PT",10,https://web.ksei.co.id/services/registered-securities/shares/lc/DOOH,True
2026-09-22,https://web.ksei.co.id/services/registered-securities/shares?setLocale=en-US,2026-09-22T00:46:23.298883+00:00,276,DOSS,GLOBAL SUKSES DIGITAL Tbk,"ADTR1 - ADIMITRA JASA KORPORA, PT",40,https://web.ksei.co.id/services/registered-securities/shares/lc/DOSS,True
2026-09-22,https://web.ksei.co.id/services/registered-securities/shares?setLocale=en-US,2026-09-22T00:46:23.298883+00:00,277,DPNS,DUTA PERTIWI NUSANTARA,"DAEN1 - DATINDO ENTRYCOM, PT",250,https://web.ksei.co.id/services/registered-securities/shares/lc/DPNS,True
2026-09-22,https://web.ksei.co.id/services/registered-securities/shares?setLocale=en-US,2026-09-22T00:46:23.298883+00:00,278,DPUM,DUA PUTRA UTAMA MAKMUR Tbk,"RISR1 - RAYA SAHAM REGISTRA, PT",100,https://web.ksei.co.id/services/registered-securities/shares/lc/DPUM,True
2026-09-22,https://web.ksei.co.id/services/registered-securities/shares?setLocale=en-US,2026-09-22T00:46:23.298883+00:00,279,DRMA,DHARMA POLIMETAL Tbk,"RISR1 - RAYA SAHAM REGISTRA, PT",100,https://web.ksei.co.id/services/registered-securities/shares/lc/DRMA,True
2026-09-22,https://web.ksei.co.id/services/registered-securities/shares?setLocale=en-US,2026-09-22T00:46:23.298883+00:00,280,DSFI,DHARMA SAMUDERA FISHING INDUSTRIES Tbk,"SIGU1 - SINARTAMA GUNITA, PT",100,https://web.ksei.co.id/services/registered-securities/shares/lc/DSFI,True
2026-09-22,https://web.ksei.co.id/services/registered-securities/shares?setLocale=en-US,2026-09-22T00:46:23.298883+00:00,281,DSNG,DHARMA SATYA NUSANTARA Tbk,"RISR1 - RAYA SAHAM REGISTRA, PT",20,https://web.ksei.co.id/services/registered-securities/shares/lc/DSNG,True
2026-09-22,https://web.ksei.co.id/services/registered-securities/shares?setLocale=en-US,2026-09-22T00:46:23.298883+00:00,282,DSSA,DIAN SWASTATIKA SENTOSA Tbk,"SIGU1 - SINARTAMA GUNITA, PT",25,https://web.ksei.co.id/services/registered-securities/shares/lc/DSSA,True
2026-09-22,https://web.ksei.co.id/services/registered-securities/shares?setLocale=en-US,2026-09-22T00:46:23.298883+00:00,283,DUCK,JAYA BERSAMA INDO Tbk,"DAEN1 - DATINDO ENTRYCOM, PT",100,https://web.ksei.co.id/services/registered-securities/shares/lc/DUCK,True
2026-09-22,https://web.ksei.co.id/services/registered-securities/shares?setLocale=en-US,2026-09-22T00:46:23.298883+00:00,284,DUTI,DUTA PERTIWI Tbk,"SIGU1 - SINARTAMA GUNITA, PT",500,https://web.ksei.co.id/services/registered-securities/shares/lc/DUTI,True
2026-09-22,https://web.ksei.co.id/services/registered-securities/shares?setLocale=en-US,2026-09-22T00:46:23.298883+00:00,285,DVLA,DARYA - VARIA LABORATORIA Tbk,"SHIN1 - SHARESTAR INDONESIA, PT",250,https://web.ksei.co.id/services/registered-securities/shares/lc/DVLA,True
2026-09-22,https://web.ksei.co.id/services/registered-securities/shares?setLocale=en-US,2026-09-22T00:46:23.298883+00:00,286,DWGL,DWI GUNA LAKSANA Tbk,"SIGU1 - SINARTAMA GUNITA, PT",100,https://web.ksei.co.id/services/registered-securities/shares/lc/DWGL,True
2026-09-22,https://web.ksei.co.id/services/registered-securities/shares?setLocale=en-US,2026-09-22T00:46:23.298883+00:00,287,DYAN,DYANDRA MEDIA INTERNATIONAL Tbk,"RISR1 - RAYA SAHAM REGISTRA, PT",100,https://web.ksei.co.id/services/registered-securities/shares/lc/DYAN,True
2026-09-22,https://web.ksei.co.id/services/registered-securities/shares?setLocale=en-US,2026-09-22T00:46:23.298883+00:00,288,EAST,EASTPARC HOTEL Tbk,"ADTR1 - ADIMITRA JASA KORPORA, PT",50,https://web.ksei.co.id/services/registered-securities/shares/lc/EAST,True
2026-09-22,https://web.ksei.co.id/services/registered-securities/shares?setLocale=en-US,2026-09-22T00:46:23.298883+00:00,289,ECII,ELECTRONIC CITY INDONESIA Tbk,"FIBU1 - FICOMINDO BUANA REGISTRAR, PT",100,https://web.ksei.co.id/services/registered-securities/shares/lc/ECII,True
2026-09-22,https://web.ksei.co.id/services/registered-securities/shares?setLocale=en-US,2026-09-22T00:46:23.298883+00:00,290,EDGE,INDOINTERNET Tbk,"ADTR1 - ADIMITRA JASA KORPORA, PT",10,https://web.ksei.co.id/services/registered-securities/shares/lc/EDGE,True
2026-09-22,https://web.ksei.co.id/services/registered-securities/shares?setLocale=en-US,2026-09-22T00:46:23.298883+00:00,291,EKAD,EKADHARMA INTERNATIONAL Tbk,"ADTR1 - ADIMITRA JASA KORPORA, PT",10,https://web.ksei.co.id/services/registered-securities/shares/lc/EKAD,True
2026-09-22,https://web.ksei.co.id/services/registered-securities/shares?setLocale=en-US,2026-09-22T00:46:23.298883+00:00,292,ELIT,DATA SINERGITAMA JAYA Tbk,"SIGU1 - SINARTAMA GUNITA, PT",25,https://web.ksei.co.id/services/registered-securities/shares/lc/ELIT,True
2026-09-22,https://web.ksei.co.id/services/registered-securities/shares?setLocale=en-US,2026-09-22T00:46:23.298883+00:00,293,ELPI,PELAYARAN NASIONAL EKALYA PURNAMASARI Tbk,"ADTR1 - ADIMITRA JASA KORPORA, PT",100,https://web.ksei.co.id/services/registered-securities/shares/lc/ELPI,True
2026-09-22,https://web.ksei.co.id/services/registered-securities/shares?setLocale=en-US,2026-09-22T00:46:23.298883+00:00,294,ELSA,ELNUSA Tbk,"DAEN1 - DATINDO ENTRYCOM, PT",100,https://web.ksei.co.id/services/registered-securities/shares/lc/ELSA,True
2026-09-22,https://web.ksei.co.id/services/registered-securities/shares?setLocale=en-US,2026-09-22T00:46:23.298883+00:00,295,ELTY,BAKRIELAND DEVELOPMENT Tbk,"SIGU1 - SINARTAMA GUNITA, PT",500,https://web.ksei.co.id/services/registered-securities/shares/lc/ELTY,True
2026-09-22,https://web.ksei.co.id/services/registered-securities/shares?setLocale=en-US,2026-09-22T00:46:23.298883+00:00,296,EMAS,MERDEKA GOLD RESOURCES Tbk,"DAEN1 - DATINDO ENTRYCOM, PT",150,https://web.ksei.co.id/services/registered-securities/shares/lc/EMAS,True
2026-09-22,https://web.ksei.co.id/services/registered-securities/shares?setLocale=en-US,2026-09-22T00:46:23.298883+00:00,297,EMDE,MEGAPOLITAN DEVELOPMENTS Tbk,"ADTR1 - ADIMITRA JASA KORPORA, PT",100,https://web.ksei.co.id/services/registered-securities/shares/lc/EMDE,True
2026-09-22,https://web.ksei.co.id/services/registered-securities/shares?setLocale=en-US,2026-09-22T00:46:23.298883+00:00,298,EMMI,ESA MEDIKA MANDIRI Tbk,"DAEN1 - DATINDO ENTRYCOM, PT",50,https://web.ksei.co.id/services/registered-securities/shares/lc/EMMI,True
2026-09-22,https://web.ksei.co.id/services/registered-securities/shares?setLocale=en-US,2026-09-22T00:46:23.298883+00:00,299,EMTK,ELANG MAHKOTA TEKNOLOGI Tbk,"RISR1 - RAYA SAHAM REGISTRA, PT",20,https://web.ksei.co.id/services/registered-securities/shares/lc/EMTK,True
2026-09-22,https://web.ksei.co.id/services/registered-securities/shares?setLocale=en-US,2026-09-22T00:46:23.298883+00:00,300,ENAK,CHAMP RESTO INDONESIA Tbk,"SIGU1 - SINARTAMA GUNITA, PT",10,https://web.ksei.co.id/services/registered-securities/shares/lc/ENAK,True
2026-09-22,https://web.ksei.co.id/services/registered-securities/shares?setLocale=en-US,2026-09-22T00:46:23.298883+00:00,301,ENRG,ENERGI MEGA PERSADA Tbk,"FIBU1 - FICOMINDO BUANA REGISTRAR, PT",800,https://web.ksei.co.id/services/registered-securities/shares/lc/ENRG,True
2026-09-22,https://web.ksei.co.id/services/registered-securities/shares?setLocale=en-US,2026-09-22T00:46:23.298883+00:00,302,ENVY,ENVY TECHNOLOGIES INDONESIA Tbk,"SIGU1 - SINARTAMA GUNITA, PT",100,https://web.ksei.co.id/services/registered-securities/shares/lc/ENVY,True
2026-09-22,https://web.ksei.co.id/services/registered-securities/shares?setLocale=en-US,2026-09-22T00:46:23.298883+00:00,303,ENZO,MORENZO ABADI PERKASA Tbk,"ADTR1 - ADIMITRA JASA KORPORA, PT",50,https://web.ksei.co.id/services/registered-securities/shares/lc/ENZO,True
2026-09-22,https://web.ksei.co.id/services/registered-securities/shares?setLocale=en-US,2026-09-22T00:46:23.298883+00:00,304,EPAC,MEGALESTARI EPACK SENTOSARAYA Tbk,"SIGU1 - SINARTAMA GUNITA, PT",50,https://web.ksei.co.id/services/registered-securities/shares/lc/EPAC,True
2026-09-22,https://web.ksei.co.id/services/registered-securities/shares?setLocale=en-US,2026-09-22T00:46:23.298883+00:00,305,EPMT,ENSEVAL PUTERA MEGATRADING Tbk,"ADTR1 - ADIMITRA JASA KORPORA, PT",50,https://web.ksei.co.id/services/registered-securities/shares/lc/EPMT,True
2026-09-22,https://web.ksei.co.id/services/registered-securities/shares?setLocale=en-US,2026-09-22T00:46:23.298883+00:00,306,ERAA,ERAJAYA SWASEMBADA Tbk,"RISR1 - RAYA SAHAM REGISTRA, PT",100,https://web.ksei.co.id/services/registered-securities/shares/lc/ERAA,True
2026-09-22,https://web.ksei.co.id/services/registered-securities/shares?setLocale=en-US,2026-09-22T00:46:23.298883+00:00,307,ERAL,SINAR EKA SELARAS Tbk,"RISR1 - RAYA SAHAM REGISTRA, PT",100,https://web.ksei.co.id/services/registered-securities/shares/lc/ERAL,True
2026-09-22,https://web.ksei.co.id/services/registered-securities/shares?setLocale=en-US,2026-09-22T00:46:23.298883+00:00,308,ERTX,ERATEX DJAJA Tbk,"SHIN1 - SHARESTAR INDONESIA, PT",500,https://web.ksei.co.id/services/registered-securities/shares/lc/ERTX,True
2026-09-22,https://web.ksei.co.id/services/registered-securities/shares?setLocale=en-US,2026-09-22T00:46:23.298883+00:00,309,ESIP,SINERGI INTI PLASTINDO Tbk,"BIME1 - BIMA REGISTRA, PT",50,https://web.ksei.co.id/services/registered-securities/shares/lc/ESIP,True
2026-09-22,https://web.ksei.co.id/services/registered-securities/shares?setLocale=en-US,2026-09-22T00:46:23.298883+00:00,310,ESSA,ESSA INDUSTRIES INDONESIA Tbk,"DAEN1 - DATINDO ENTRYCOM, PT",10,https://web.ksei.co.id/services/registered-securities/shares/lc/ESSA,True
2026-09-22,https://web.ksei.co.id/services/registered-securities/shares?setLocale=en-US,2026-09-22T00:46:23.298883+00:00,311,ESTA,ESTA MULTI USAHA Tbk,"BIME1 - BIMA REGISTRA, PT",100,https://web.ksei.co.id/services/registered-securities/shares/lc/ESTA,True
2026-09-22,https://web.ksei.co.id/services/registered-securities/shares?setLocale=en-US,2026-09-22T00:46:23.298883+00:00,312,ESTI,EVER SHINE TEXTILE INDUSTRY,"RISR1 - RAYA SAHAM REGISTRA, PT",100,https://web.ksei.co.id/services/registered-securities/shares/lc/ESTI,True
2026-09-22,https://web.ksei.co.id/services/registered-securities/shares?setLocale=en-US,2026-09-22T00:46:23.298883+00:00,313,ETWA,ETERINDO WAHANATAMA Tbk,"RISR1 - RAYA SAHAM REGISTRA, PT",400,https://web.ksei.co.id/services/registered-securities/shares/lc/ETWA,True
2026-09-22,https://web.ksei.co.id/services/registered-securities/shares?setLocale=en-US,2026-09-22T00:46:23.298883+00:00,314,EURO,ESTEE GOLD FEET Tbk,"BIME1 - BIMA REGISTRA, PT",5,https://web.ksei.co.id/services/registered-securities/shares/lc/EURO,True
2026-09-22,https://web.ksei.co.id/services/registered-securities/shares?setLocale=en-US,2026-09-22T00:46:23.298883+00:00,315,EXCL,XLSMART TELECOM SEJAHTERA Tbk,"DAEN1 - DATINDO ENTRYCOM, PT",100,https://web.ksei.co.id/services/registered-securities/shares/lc/EXCL,True
2026-09-22,https://web.ksei.co.id/services/registered-securities/shares?setLocale=en-US,2026-09-22T00:46:23.298883+00:00,316,FAPA,FAP AGRI Tbk,"ADTR1 - ADIMITRA JASA KORPORA, PT",1000,https://web.ksei.co.id/services/registered-securities/shares/lc/FAPA,True
2026-09-22,https://web.ksei.co.id/services/registered-securities/shares?setLocale=en-US,2026-09-22T00:46:23.298883+00:00,317,FAST,FAST FOOD INDONESIA Tbk,"RISR1 - RAYA SAHAM REGISTRA, PT",50,https://web.ksei.co.id/services/registered-securities/shares/lc/FAST,True
2026-09-22,https://web.ksei.co.id/services/registered-securities/shares?setLocale=en-US,2026-09-22T00:46:23.298883+00:00,318,FASW,FAJAR SURYA WISESA Tbk,"DAEN1 - DATINDO ENTRYCOM, PT",500,https://web.ksei.co.id/services/registered-securities/shares/lc/FASW,True
2026-09-22,https://web.ksei.co.id/services/registered-securities/shares?setLocale=en-US,2026-09-22T00:46:23.298883+00:00,319,FILM,MD ENTERTAINMENT Tbk,"ADTR1 - ADIMITRA JASA KORPORA, PT",100,https://web.ksei.co.id/services/registered-securities/shares/lc/FILM,True
2026-09-22,https://web.ksei.co.id/services/registered-securities/shares?setLocale=en-US,2026-09-22T00:46:23.298883+00:00,320,FIMP,FIMPERKASA UTAMA Tbk,"BIME1 - BIMA REGISTRA, PT",50,https://web.ksei.co.id/services/registered-securities/shares/lc/FIMP,True
2026-09-22,https://web.ksei.co.id/services/registered-securities/shares?setLocale=en-US,2026-09-22T00:46:23.298883+00:00,321,FIRE,ALFA ENERGI INVESTAMA Tbk,"ADTR1 - ADIMITRA JASA KORPORA, PT",100,https://web.ksei.co.id/services/registered-securities/shares/lc/FIRE,True
2026-09-22,https://web.ksei.co.id/services/registered-securities/shares?setLocale=en-US,2026-09-22T00:46:23.298883+00:00,322,FISH,FKS MULTI AGRO Tbk,BSRE1 - BSR INDONESIA PT.,10,https://web.ksei.co.id/services/registered-securities/shares/lc/FISH,True
2026-09-22,https://web.ksei.co.id/services/registered-securities/shares?setLocale=en-US,2026-09-22T00:46:23.298883+00:00,323,FITT,HOTEL FITRA INTERNATIONAL Tbk,"BIME1 - BIMA REGISTRA, PT",100,https://web.ksei.co.id/services/registered-securities/shares/lc/FITT,True
2026-09-22,https://web.ksei.co.id/services/registered-securities/shares?setLocale=en-US,2026-09-22T00:46:23.298883+00:00,324,FLMC,FALMACO NONWOVEN INDUSTRI Tbk,"ADTR1 - ADIMITRA JASA KORPORA, PT",80,https://web.ksei.co.id/services/registered-securities/shares/lc/FLMC,True
2026-09-22,https://web.ksei.co.id/services/registered-securities/shares?setLocale=en-US,2026-09-22T00:46:23.298883+00:00,325,FMII,FORTUNE MATE INDONESIA Tbk,"BIME1 - BIMA REGISTRA, PT",100,https://web.ksei.co.id/services/registered-securities/shares/lc/FMII,True
2026-09-22,https://web.ksei.co.id/services/registered-securities/shares?setLocale=en-US,2026-09-22T00:46:23.298883+00:00,326,FOLK,MULTI GARAM UTAMA Tbk,"FIBU1 - FICOMINDO BUANA REGISTRAR, PT",20,https://web.ksei.co.id/services/registered-securities/shares/lc/FOLK,True
2026-09-22,https://web.ksei.co.id/services/registered-securities/shares?setLocale=en-US,2026-09-22T00:46:23.298883+00:00,327,FOOD,SENTRA FOOD INDONESIA Tbk,"SIGU1 - SINARTAMA GUNITA, PT",100,https://web.ksei.co.id/services/registered-securities/shares/lc/FOOD,True
2026-09-22,https://web.ksei.co.id/services/registered-securities/shares?setLocale=en-US,2026-09-22T00:46:23.298883+00:00,328,FORE,FORE KOPI INDONESIA Tbk,"SIGU1 - SINARTAMA GUNITA, PT",70,https://web.ksei.co.id/services/registered-securities/shares/lc/FORE,True
2026-09-22,https://web.ksei.co.id/services/registered-securities/shares?setLocale=en-US,2026-09-22T00:46:23.298883+00:00,329,FORU,FORTUNE INDONESIA Tbk,"ADTR1 - ADIMITRA JASA KORPORA, PT",100,https://web.ksei.co.id/services/registered-securities/shares/lc/FORU,True
2026-09-22,https://web.ksei.co.id/services/registered-securities/shares?setLocale=en-US,2026-09-22T00:46:23.298883+00:00,330,FORZ,FORZA LAND INDONESIA Tbk,"ADTR1 - ADIMITRA JASA KORPORA, PT",100,https://web.ksei.co.id/services/registered-securities/shares/lc/FORZ,True
2026-09-22,https://web.ksei.co.id/services/registered-securities/shares?setLocale=en-US,2026-09-22T00:46:23.298883+00:00,331,FPNI,LOTTE CHEMICAL TITAN Tbk,"ADTR1 - ADIMITRA JASA KORPORA, PT",250,https://web.ksei.co.id/services/registered-securities/shares/lc/FPNI,True
2026-09-22,https://web.ksei.co.id/services/registered-securities/shares?setLocale=en-US,2026-09-22T00:46:23.298883+00:00,332,FUJI,FUJI FINANCE INDONESIA Tbk,"SIGU1 - SINARTAMA GUNITA, PT",100,https://web.ksei.co.id/services/registered-securities/shares/lc/FUJI,True
2026-09-22,https://web.ksei.co.id/services/registered-securities/shares?setLocale=en-US,2026-09-22T00:46:23.298883+00:00,333,FUTR,FUTURA ENERGI GLOBAL Tbk,"FIBU1 - FICOMINDO BUANA REGISTRAR, PT",10,https://web.ksei.co.id/services/registered-securities/shares/lc/FUTR,True
2026-09-22,https://web.ksei.co.id/services/registered-securities/shares?setLocale=en-US,2026-09-22T00:46:23.298883+00:00,334,FWCT,WIJAYA CAHAYA TIMBER Tbk,"ADTR1 - ADIMITRA JASA KORPORA, PT",100,https://web.ksei.co.id/services/registered-securities/shares/lc/FWCT,True
2026-09-22,https://web.ksei.co.id/services/registered-securities/shares?setLocale=en-US,2026-09-22T00:46:23.298883+00:00,335,GAMA,AKSARA GLOBAL DEVELOPMENT Tbk,"SHIN1 - SHARESTAR INDONESIA, PT",100,https://web.ksei.co.id/services/registered-securities/shares/lc/GAMA,True
2026-09-22,https://web.ksei.co.id/services/registered-securities/shares?setLocale=en-US,2026-09-22T00:46:23.298883+00:00,336,GDST,GUNAWAN DIANJAYA STEEL Tbk,BSRE1 - BSR INDONESIA PT.,100,https://web.ksei.co.id/services/registered-securities/shares/lc/GDST,True
2026-09-22,https://web.ksei.co.id/services/registered-securities/shares?setLocale=en-US,2026-09-22T00:46:23.298883+00:00,337,GDYR,GOODYEAR INDONESIA Tbk,"BIME1 - BIMA REGISTRA, PT",100,https://web.ksei.co.id/services/registered-securities/shares/lc/GDYR,True
2026-09-22,https://web.ksei.co.id/services/registered-securities/shares?setLocale=en-US,2026-09-22T00:46:23.298883+00:00,338,GEMA,GEMA GRAHASARANA Tbk,"ADTR1 - ADIMITRA JASA KORPORA, PT",20,https://web.ksei.co.id/services/registered-securities/shares/lc/GEMA,True
2026-09-22,https://web.ksei.co.id/services/registered-securities/shares?setLocale=en-US,2026-09-22T00:46:23.298883+00:00,339,GEMS,GOLDEN ENERGY MINES Tbk,"SIGU1 - SINARTAMA GUNITA, PT",100,https://web.ksei.co.id/services/registered-securities/shares/lc/GEMS,True
2026-09-22,https://web.ksei.co.id/services/registered-securities/shares?setLocale=en-US,2026-09-22T00:46:23.298883+00:00,340,GGRM,GUDANG GARAM Tbk,"RISR1 - RAYA SAHAM REGISTRA, PT",500,https://web.ksei.co.id/services/registered-securities/shares/lc/GGRM,True
2026-09-22,https://web.ksei.co.id/services/registered-securities/shares?setLocale=en-US,2026-09-22T00:46:23.298883+00:00,341,GGRP,GUNUNG RAJA PAKSI Tbk,"ADTR1 - ADIMITRA JASA KORPORA, PT",140,https://web.ksei.co.id/services/registered-securities/shares/lc/GGRP,True
2026-09-22,https://web.ksei.co.id/services/registered-securities/shares?setLocale=en-US,2026-09-22T00:46:23.298883+00:00,342,GHON,GIHON TELEKOMUNIKASI INDONESIA Tbk,"DAEN1 - DATINDO ENTRYCOM, PT",100,https://web.ksei.co.id/services/registered-securities/shares/lc/GHON,True
2026-09-22,https://web.ksei.co.id/services/registered-securities/shares?setLocale=en-US,2026-09-22T00:46:23.298883+00:00,343,GIAA,GARUDA INDONESIA (PERSERO) Tbk,"DAEN1 - DATINDO ENTRYCOM, PT",500,https://web.ksei.co.id/services/registered-securities/shares/lc/GIAA,True
2026-09-22,https://web.ksei.co.id/services/registered-securities/shares?setLocale=en-US,2026-09-22T00:46:23.298883+00:00,344,GJTL,GAJAH TUNGGAL Tbk,"DAEN1 - DATINDO ENTRYCOM, PT",500,https://web.ksei.co.id/services/registered-securities/shares/lc/GJTL,True
2026-09-22,https://web.ksei.co.id/services/registered-securities/shares?setLocale=en-US,2026-09-22T00:46:23.298883+00:00,345,GLOB,GLOBE KITA TERANG Tbk,"RISR1 - RAYA SAHAM REGISTRA, PT",100,https://web.ksei.co.id/services/registered-securities/shares/lc/GLOB,True
2026-09-22,https://web.ksei.co.id/services/registered-securities/shares?setLocale=en-US,2026-09-22T00:46:23.298883+00:00,346,GLVA,GALVA TECHNOLOGIES Tbk,"RISR1 - RAYA SAHAM REGISTRA, PT",50,https://web.ksei.co.id/services/registered-securities/shares/lc/GLVA,True
2026-09-22,https://web.ksei.co.id/services/registered-securities/shares?setLocale=en-US,2026-09-22T00:46:23.298883+00:00,347,GMFI,GARUDA MAINTENANCE FACILITY AERO ASIA Tbk,"DAEN1 - DATINDO ENTRYCOM, PT",100,https://web.ksei.co.id/services/registered-securities/shares/lc/GMFI,True
2026-09-22,https://web.ksei.co.id/services/registered-securities/shares?setLocale=en-US,2026-09-22T00:46:23.298883+00:00,348,GMTD,GOWA MAKASSAR TOURISM DEVELOPMENT Tbk,"SHIN1 - SHARESTAR INDONESIA, PT",50,https://web.ksei.co.id/services/registered-securities/shares/lc/GMTD,True
2026-09-22,https://web.ksei.co.id/services/registered-securities/shares?setLocale=en-US,2026-09-22T00:46:23.298883+00:00,349,GOLD,"VISI TELEKOMUNIKASI INFRASTRUKTUR Tbk, PT","DAEN1 - DATINDO ENTRYCOM, PT",100,https://web.ksei.co.id/services/registered-securities/shares/lc/GOLD,True
2026-09-22,https://web.ksei.co.id/services/registered-securities/shares?setLocale=en-US,2026-09-22T00:46:23.298883+00:00,350,GOLF,INTRA GOLFLINK RESORTS Tbk,"SIGU1 - SINARTAMA GUNITA, PT",25,https://web.ksei.co.id/services/registered-securities/shares/lc/GOLF,True
2026-09-22,https://web.ksei.co.id/services/registered-securities/shares?setLocale=en-US,2026-09-22T00:46:23.298883+00:00,351,GOLL,GOLDEN PLANTATION Tbk,"ADTR1 - ADIMITRA JASA KORPORA, PT",100,https://web.ksei.co.id/services/registered-securities/shares/lc/GOLL,True
2026-09-22,https://web.ksei.co.id/services/registered-securities/shares?setLocale=en-US,2026-09-22T00:46:23.298883+00:00,352,GOOD,GARUDAFOOD PUTRA PUTRI JAYA Tbk,"DAEN1 - DATINDO ENTRYCOM, PT",20,https://web.ksei.co.id/services/registered-securities/shares/lc/GOOD,True
2026-09-22,https://web.ksei.co.id/services/registered-securities/shares?setLocale=en-US,2026-09-22T00:46:23.298883+00:00,353,GOTO,GOTO GOJEK TOKOPEDIA Tbk,"DAEN1 - DATINDO ENTRYCOM, PT",1,https://web.ksei.co.id/services/registered-securities/shares/lc/GOTO,True
2026-09-22,https://web.ksei.co.id/services/registered-securities/shares?setLocale=en-US,2026-09-22T00:46:23.298883+00:00,354,GOTOM,MVS GOTO GOJEK TOKOPEDIA Tbk,"DAEN1 - DATINDO ENTRYCOM, PT",1,https://web.ksei.co.id/services/registered-securities/shares/lc/GOTOM,False
2026-09-22,https://web.ksei.co.id/services/registered-securities/shares?setLocale=en-US,2026-09-22T00:46:23.298883+00:00,355,GPRA,PERDANA GAPURAPRIMA Tbk,"SIGU1 - SINARTAMA GUNITA, PT",100,https://web.ksei.co.id/services/registered-securities/shares/lc/GPRA,True
2026-09-22,https://web.ksei.co.id/services/registered-securities/shares?setLocale=en-US,2026-09-22T00:46:23.298883+00:00,356,GPSO,GEOPRIMA SOLUSI Tbk,"ADTR1 - ADIMITRA JASA KORPORA, PT",50,https://web.ksei.co.id/services/registered-securities/shares/lc/GPSO,True
2026-09-22,https://web.ksei.co.id/services/registered-securities/shares?setLocale=en-US,2026-09-22T00:46:23.298883+00:00,357,GRIA,INGRIA PRATAMA CAPITALINDO Tbk,"ADTR1 - ADIMITRA JASA KORPORA, PT",20,https://web.ksei.co.id/services/registered-securities/shares/lc/GRIA,True
2026-09-22,https://web.ksei.co.id/services/registered-securities/shares?setLocale=en-US,2026-09-22T00:46:23.298883+00:00,358,GRPH,GRIPTHA PUTRA PERSADA Tbk,"ADTR1 - ADIMITRA JASA KORPORA, PT",25,https://web.ksei.co.id/services/registered-securities/shares/lc/GRPH,True
2026-09-22,https://web.ksei.co.id/services/registered-securities/shares?setLocale=en-US,2026-09-22T00:46:23.298883+00:00,359,GRPM,GRAHA PRIMA MENTARI Tbk,"ADTR1 - ADIMITRA JASA KORPORA, PT",25,https://web.ksei.co.id/services/registered-securities/shares/lc/GRPM,True
2026-09-22,https://web.ksei.co.id/services/registered-securities/shares?setLocale=en-US,2026-09-22T00:46:23.298883+00:00,360,GSMF,EQUITY DEVELOPMENT INVESTMENT Tbk,"DAEN1 - DATINDO ENTRYCOM, PT",500,https://web.ksei.co.id/services/registered-securities/shares/lc/GSMF,True
2026-09-22,https://web.ksei.co.id/services/registered-securities/shares?setLocale=en-US,2026-09-22T00:46:23.298883+00:00,361,GTBO,GARDA TUJUH BUANA Tbk,"DAEN1 - DATINDO ENTRYCOM, PT",100,https://web.ksei.co.id/services/registered-securities/shares/lc/GTBO,True
2026-09-22,https://web.ksei.co.id/services/registered-securities/shares?setLocale=en-US,2026-09-22T00:46:23.298883+00:00,362,GTRA,GRAHAPRIMA SUKSESMANDIRI Tbk,"ADTR1 - ADIMITRA JASA KORPORA, PT",100,https://web.ksei.co.id/services/registered-securities/shares/lc/GTRA,True
2026-09-22,https://web.ksei.co.id/services/registered-securities/shares?setLocale=en-US,2026-09-22T00:46:23.298883+00:00,363,GTSI,GTS INTERNASIONAL Tbk,"EDI01 - ELECTRONIC DATA INTERCHANGE INDONESIA, PT",50,https://web.ksei.co.id/services/registered-securities/shares/lc/GTSI,True
2026-09-22,https://web.ksei.co.id/services/registered-securities/shares?setLocale=en-US,2026-09-22T00:46:23.298883+00:00,364,GULA,AMAN AGRINDO Tbk,"BIME1 - BIMA REGISTRA, PT",100,https://web.ksei.co.id/services/registered-securities/shares/lc/GULA,True
2026-09-22,https://web.ksei.co.id/services/registered-securities/shares?setLocale=en-US,2026-09-22T00:46:23.298883+00:00,365,GUNA,GUNANUSA ERAMANDIRI Tbk,"SHIN1 - SHARESTAR INDONESIA, PT",100,https://web.ksei.co.id/services/registered-securities/shares/lc/GUNA,True
2026-09-22,https://web.ksei.co.id/services/registered-securities/shares?setLocale=en-US,2026-09-22T00:46:23.298883+00:00,366,GWSA,GREENWOOD SEJAHTERA Tbk,"ADTR1 - ADIMITRA JASA KORPORA, PT",100,https://web.ksei.co.id/services/registered-securities/shares/lc/GWSA,True
2026-09-22,https://web.ksei.co.id/services/registered-securities/shares?setLocale=en-US,2026-09-22T00:46:23.298883+00:00,367,GZCO,GOZCO PLANTATIONS Tbk,"ADTR1 - ADIMITRA JASA KORPORA, PT",100,https://web.ksei.co.id/services/registered-securities/shares/lc/GZCO,True
2026-09-22,https://web.ksei.co.id/services/registered-securities/shares?setLocale=en-US,2026-09-22T00:46:23.298883+00:00,368,HADE,HIMALAYA ENERGI PERKASA Tbk,"FIBU1 - FICOMINDO BUANA REGISTRAR, PT",100,https://web.ksei.co.id/services/registered-securities/shares/lc/HADE,True
2026-09-22,https://web.ksei.co.id/services/registered-securities/shares?setLocale=en-US,2026-09-22T00:46:23.298883+00:00,369,HAIS,HASNUR INTERNASIONAL SHIPPING Tbk,"ADTR1 - ADIMITRA JASA KORPORA, PT",100,https://web.ksei.co.id/services/registered-securities/shares/lc/HAIS,True
2026-09-22,https://web.ksei.co.id/services/registered-securities/shares?setLocale=en-US,2026-09-22T00:46:23.298883+00:00,370,HAJJ,ARSY BUANA TRAVELINDO Tbk,"ADTR1 - ADIMITRA JASA KORPORA, PT",30,https://web.ksei.co.id/services/registered-securities/shares/lc/HAJJ,True
2026-09-22,https://web.ksei.co.id/services/registered-securities/shares?setLocale=en-US,2026-09-22T00:46:23.298883+00:00,371,HALO,HALONI JANE Tbk,"SIGU1 - SINARTAMA GUNITA, PT",10,https://web.ksei.co.id/services/registered-securities/shares/lc/HALO,True
2026-09-22,https://web.ksei.co.id/services/registered-securities/shares?setLocale=en-US,2026-09-22T00:46:23.298883+00:00,372,HATM,HABCO TRANS MARITIMA Tbk,"BIME1 - BIMA REGISTRA, PT",50,https://web.ksei.co.id/services/registered-securities/shares/lc/HATM,True
2026-09-22,https://web.ksei.co.id/services/registered-securities/shares?setLocale=en-US,2026-09-22T00:46:23.298883+00:00,373,HBAT,MINAHASA MEMBANGUN HEBAT Tbk,"BIME1 - BIMA REGISTRA, PT",25,https://web.ksei.co.id/services/registered-securities/shares/lc/HBAT,True
2026-09-22,https://web.ksei.co.id/services/registered-securities/shares?setLocale=en-US,2026-09-22T00:46:23.298883+00:00,374,HDFA,RADANA BHASKARA FINANCE Tbk,"BIME1 - BIMA REGISTRA, PT",100,https://web.ksei.co.id/services/registered-securities/shares/lc/HDFA,True
2026-09-22,https://web.ksei.co.id/services/registered-securities/shares?setLocale=en-US,2026-09-22T00:46:23.298883+00:00,375,HDIT,HENSEL DAVEST INDONESIA Tbk,"ADTR1 - ADIMITRA JASA KORPORA, PT",100,https://web.ksei.co.id/services/registered-securities/shares/lc/HDIT,True
2026-09-22,https://web.ksei.co.id/services/registered-securities/shares?setLocale=en-US,2026-09-22T00:46:23.298883+00:00,376,HDTX,PANASIA INDO RESOURCES Tbk,"ADTR1 - ADIMITRA JASA KORPORA, PT",500,https://web.ksei.co.id/services/registered-securities/shares/lc/HDTX,True
2026-09-22,https://web.ksei.co.id/services/registered-securities/shares?setLocale=en-US,2026-09-22T00:46:23.298883+00:00,377,HEAL,MEDIKALOKA HERMINA Tbk,"DAEN1 - DATINDO ENTRYCOM, PT",100,https://web.ksei.co.id/services/registered-securities/shares/lc/HEAL,True
2026-09-22,https://web.ksei.co.id/services/registered-securities/shares?setLocale=en-US,2026-09-22T00:46:23.298883+00:00,378,HELI,JAYA TRISHINDO Tbk,"ADTR1 - ADIMITRA JASA KORPORA, PT",100,https://web.ksei.co.id/services/registered-securities/shares/lc/HELI,True
2026-09-22,https://web.ksei.co.id/services/registered-securities/shares?setLocale=en-US,2026-09-22T00:46:23.298883+00:00,379,HERO,DFI RETAIL NUSANTARA Tbk,"EDI01 - ELECTRONIC DATA INTERCHANGE INDONESIA, PT",50,https://web.ksei.co.id/services/registered-securities/shares/lc/HERO,True
2026-09-22,https://web.ksei.co.id/services/registered-securities/shares?setLocale=en-US,2026-09-22T00:46:23.298883+00:00,380,HEXA,HEXINDO ADIPERKASA Tbk,"RISR1 - RAYA SAHAM REGISTRA, PT",100,https://web.ksei.co.id/services/registered-securities/shares/lc/HEXA,True
2026-09-22,https://web.ksei.co.id/services/registered-securities/shares?setLocale=en-US,2026-09-22T00:46:23.298883+00:00,381,HGII,HERO GLOBAL INVESTMENT Tbk,"DAEN1 - DATINDO ENTRYCOM, PT",25,https://web.ksei.co.id/services/registered-securities/shares/lc/HGII,True
2026-09-22,https://web.ksei.co.id/services/registered-securities/shares?setLocale=en-US,2026-09-22T00:46:23.298883+00:00,382,HILL,HILLCON Tbk,"BIME1 - BIMA REGISTRA, PT",20,https://web.ksei.co.id/services/registered-securities/shares/lc/HILL,True
2026-09-22,https://web.ksei.co.id/services/registered-securities/shares?setLocale=en-US,2026-09-22T00:46:23.298883+00:00,383,HITS,HUMPUSS INTERMODA TRANSPORTASI Tbk,"EDI01 - ELECTRONIC DATA INTERCHANGE INDONESIA, PT",50,https://web.ksei.co.id/services/registered-securities/shares/lc/HITS,True
2026-09-22,https://web.ksei.co.id/services/registered-securities/shares?setLocale=en-US,2026-09-22T00:46:23.298883+00:00,384,HKMU,HK METALS UTAMA Tbk,"RISR1 - RAYA SAHAM REGISTRA, PT",100,https://web.ksei.co.id/services/registered-securities/shares/lc/HKMU,True
2026-09-22,https://web.ksei.co.id/services/registered-securities/shares?setLocale=en-US,2026-09-22T00:46:23.298883+00:00,385,HMSP,HANJAYA MANDALA SAMPOERNA Tbk,"RISR1 - RAYA SAHAM REGISTRA, PT",100,https://web.ksei.co.id/services/registered-securities/shares/lc/HMSP,True
2026-09-22,https://web.ksei.co.id/services/registered-securities/shares?setLocale=en-US,2026-09-22T00:46:23.298883+00:00,386,HOKI,BUYUNG POETRA SEMBADA Tbk,"SIGU1 - SINARTAMA GUNITA, PT",25,https://web.ksei.co.id/services/registered-securities/shares/lc/HOKI,True
2026-09-22,https://web.ksei.co.id/services/registered-securities/shares?setLocale=en-US,2026-09-22T00:46:23.298883+00:00,387,HOME,HOTEL MANDARINE REGENCY Tbk,"FIBU1 - FICOMINDO BUANA REGISTRAR, PT",100,https://web.ksei.co.id/services/registered-securities/shares/lc/HOME,True
2026-09-22,https://web.ksei.co.id/services/registered-securities/shares?setLocale=en-US,2026-09-22T00:46:23.298883+00:00,388,HOMI,GRAND HOUSE MULIA Tbk,"RISR1 - RAYA SAHAM REGISTRA, PT",50,https://web.ksei.co.id/services/registered-securities/shares/lc/HOMI,True
2026-09-22,https://web.ksei.co.id/services/registered-securities/shares?setLocale=en-US,2026-09-22T00:46:23.298883+00:00,389,HOPE,HARAPAN DUTA PERTIWI Tbk,"BIME1 - BIMA REGISTRA, PT",20,https://web.ksei.co.id/services/registered-securities/shares/lc/HOPE,True
2026-09-22,https://web.ksei.co.id/services/registered-securities/shares?setLocale=en-US,2026-09-22T00:46:23.298883+00:00,390,HOTL,SARASWATI GRIYA LESTARI Tbk,"ADTR1 - ADIMITRA JASA KORPORA, PT",100,https://web.ksei.co.id/services/registered-securities/shares/lc/HOTL,True
2026-09-22,https://web.ksei.co.id/services/registered-securities/shares?setLocale=en-US,2026-09-22T00:46:23.298883+00:00,391,HRME,MENTENG HERITAGE REALTY Tbk,"SIGU1 - SINARTAMA GUNITA, PT",100,https://web.ksei.co.id/services/registered-securities/shares/lc/HRME,True
2026-09-22,https://web.ksei.co.id/services/registered-securities/shares?setLocale=en-US,2026-09-22T00:46:23.298883+00:00,392,HRTA,HARTADINATA ABADI Tbk,"SIGU1 - SINARTAMA GUNITA, PT",100,https://web.ksei.co.id/services/registered-securities/shares/lc/HRTA,True
2026-09-22,https://web.ksei.co.id/services/registered-securities/shares?setLocale=en-US,2026-09-22T00:46:23.298883+00:00,393,HRUM,HARUM ENERGY Tbk,"DAEN1 - DATINDO ENTRYCOM, PT",20,https://web.ksei.co.id/services/registered-securities/shares/lc/HRUM,True
2026-09-22,https://web.ksei.co.id/services/registered-securities/shares?setLocale=en-US,2026-09-22T00:46:23.298883+00:00,394,HUMI,HUMPUSS MARITIM INTERNASIONAL Tbk,"EDI01 - ELECTRONIC DATA INTERCHANGE INDONESIA, PT",100,https://web.ksei.co.id/services/registered-securities/shares/lc/HUMI,True
2026-09-22,https://web.ksei.co.id/services/registered-securities/shares?setLocale=en-US,2026-09-22T00:46:23.298883+00:00,395,HYGN,ECOCARE INDO PASIFIK Tbk,"ADTR1 - ADIMITRA JASA KORPORA, PT",20,https://web.ksei.co.id/services/registered-securities/shares/lc/HYGN,True
2026-09-22,https://web.ksei.co.id/services/registered-securities/shares?setLocale=en-US,2026-09-22T00:46:23.298883+00:00,396,IATA,KARYA PACIFIC ENERGY Tbk,BSRE1 - BSR INDONESIA PT.,100,https://web.ksei.co.id/services/registered-securities/shares/lc/IATA,True
2026-09-22,https://web.ksei.co.id/services/registered-securities/shares?setLocale=en-US,2026-09-22T00:46:23.298883+00:00,397,IBFN,INTAN BARU PRANA Tbk,"ADTR1 - ADIMITRA JASA KORPORA, PT",100,https://web.ksei.co.id/services/registered-securities/shares/lc/IBFN,True
2026-09-22,https://web.ksei.co.id/services/registered-securities/shares?setLocale=en-US,2026-09-22T00:46:23.298883+00:00,398,IBOS,INDO BOGA SUKSES Tbk,"ADTR1 - ADIMITRA JASA KORPORA, PT",25,https://web.ksei.co.id/services/registered-securities/shares/lc/IBOS,True
2026-09-22,https://web.ksei.co.id/services/registered-securities/shares?setLocale=en-US,2026-09-22T00:46:23.298883+00:00,399,IBST,INTI BANGUN SEJAHTERA Tbk,"RISR1 - RAYA SAHAM REGISTRA, PT",500,https://web.ksei.co.id/services/registered-securities/shares/lc/IBST,True
2026-09-22,https://web.ksei.co.id/services/registered-securities/shares?setLocale=en-US,2026-09-22T00:46:23.298883+00:00,400,ICBP,INDOFOOD CBP SUKSES MAKMUR Tbk,"RISR1 - RAYA SAHAM REGISTRA, PT",100,https://web.ksei.co.id/services/registered-securities/shares/lc/ICBP,True
2026-09-22,https://web.ksei.co.id/services/registered-securities/shares?setLocale=en-US,2026-09-22T00:46:23.298883+00:00,401,ICON,ISLAND CONCEPTS INDONESIA Tbk,"SHIN1 - SHARESTAR INDONESIA, PT",56,https://web.ksei.co.id/services/registered-securities/shares/lc/ICON,True
2026-09-22,https://web.ksei.co.id/services/registered-securities/shares?setLocale=en-US,2026-09-22T00:46:23.298883+00:00,402,IDEA,IDEA INDONESIA AKADEMI Tbk,"ADTR1 - ADIMITRA JASA KORPORA, PT",40,https://web.ksei.co.id/services/registered-securities/shares/lc/IDEA,True
2026-09-22,https://web.ksei.co.id/services/registered-securities/shares?setLocale=en-US,2026-09-22T00:46:23.298883+00:00,403,IDPR,INDONESIA PONDASI RAYA Tbk,"RISR1 - RAYA SAHAM REGISTRA, PT",100,https://web.ksei.co.id/services/registered-securities/shares/lc/IDPR,True
2026-09-22,https://web.ksei.co.id/services/registered-securities/shares?setLocale=en-US,2026-09-22T00:46:23.298883+00:00,404,IFII,INDONESIA FIBREBOARD INDUSTRY Tbk,"SIGU1 - SINARTAMA GUNITA, PT",100,https://web.ksei.co.id/services/registered-securities/shares/lc/IFII,True
2026-09-22,https://web.ksei.co.id/services/registered-securities/shares?setLocale=en-US,2026-09-22T00:46:23.298883+00:00,405,IFSH,IFISHDECO Tbk,"BIME1 - BIMA REGISTRA, PT",100,https://web.ksei.co.id/services/registered-securities/shares/lc/IFSH,True
2026-09-22,https://web.ksei.co.id/services/registered-securities/shares?setLocale=en-US,2026-09-22T00:46:23.298883+00:00,406,IGAR,CHAMPION PACIFIC INDONESIA Tbk,"ADTR1 - ADIMITRA JASA KORPORA, PT",50,https://web.ksei.co.id/services/registered-securities/shares/lc/IGAR,True
2026-09-22,https://web.ksei.co.id/services/registered-securities/shares?setLocale=en-US,2026-09-22T00:46:23.298883+00:00,407,IIKP,INTI AGRI RESOURCES Tbk,"SIGU1 - SINARTAMA GUNITA, PT",100,https://web.ksei.co.id/services/registered-securities/shares/lc/IIKP,True
2026-09-22,https://web.ksei.co.id/services/registered-securities/shares?setLocale=en-US,2026-09-22T00:46:23.298883+00:00,408,IKAI,INTIKERAMIK ALAMASRI INDUSTRI Tbk,"FIBU1 - FICOMINDO BUANA REGISTRAR, PT",250,https://web.ksei.co.id/services/registered-securities/shares/lc/IKAI,True
2026-09-22,https://web.ksei.co.id/services/registered-securities/shares?setLocale=en-US,2026-09-22T00:46:23.298883+00:00,409,IKAN,ERA MANDIRI CEMERLANG Tbk,"ADTR1 - ADIMITRA JASA KORPORA, PT",50,https://web.ksei.co.id/services/registered-securities/shares/lc/IKAN,True
2026-09-22,https://web.ksei.co.id/services/registered-securities/shares?setLocale=en-US,2026-09-22T00:46:23.298883+00:00,410,IKBI,SUMI INDO KABEL Tbk,"RISR1 - RAYA SAHAM REGISTRA, PT",1000,https://web.ksei.co.id/services/registered-securities/shares/lc/IKBI,True
2026-09-22,https://web.ksei.co.id/services/registered-securities/shares?setLocale=en-US,2026-09-22T00:46:23.298883+00:00,411,IKPM,IKAPHARMINDO PUTRAMAS Tbk,"ADTR1 - ADIMITRA JASA KORPORA, PT",100,https://web.ksei.co.id/services/registered-securities/shares/lc/IKPM,True
2026-09-22,https://web.ksei.co.id/services/registered-securities/shares?setLocale=en-US,2026-09-22T00:46:23.298883+00:00,412,IMAS,INDOMOBIL SUKSES INTERNASIONAL Tbk,"RISR1 - RAYA SAHAM REGISTRA, PT",250,https://web.ksei.co.id/services/registered-securities/shares/lc/IMAS,True
2026-09-22,https://web.ksei.co.id/services/registered-securities/shares?setLocale=en-US,2026-09-22T00:46:23.298883+00:00,413,IMJS,INDOMOBIL MULTI JASA Tbk,"RISR1 - RAYA SAHAM REGISTRA, PT",200,https://web.ksei.co.id/services/registered-securities/shares/lc/IMJS,True
2026-09-22,https://web.ksei.co.id/services/registered-securities/shares?setLocale=en-US,2026-09-22T00:46:23.298883+00:00,414,IMPC,IMPACK PRATAMA INDUSTRI Tbk,"SHIN1 - SHARESTAR INDONESIA, PT",100,https://web.ksei.co.id/services/registered-securities/shares/lc/IMPC,True
2026-09-22,https://web.ksei.co.id/services/registered-securities/shares?setLocale=en-US,2026-09-22T00:46:23.298883+00:00,415,INAF,INDOFARMA Tbk,"DAEN1 - DATINDO ENTRYCOM, PT",100,https://web.ksei.co.id/services/registered-securities/shares/lc/INAF,True
2026-09-22,https://web.ksei.co.id/services/registered-securities/shares?setLocale=en-US,2026-09-22T00:46:23.298883+00:00,416,INAI,INDAL ALUMINIUM INDUSTRY Tbk,"ADTR1 - ADIMITRA JASA KORPORA, PT",125,https://web.ksei.co.id/services/registered-securities/shares/lc/INAI,True
2026-09-22,https://web.ksei.co.id/services/registered-securities/shares?setLocale=en-US,2026-09-22T00:46:23.298883+00:00,417,INCF,INDO KOMODITI KORPORA Tbk,"EDI01 - ELECTRONIC DATA INTERCHANGE INDONESIA, PT",500,https://web.ksei.co.id/services/registered-securities/shares/lc/INCF,True
2026-09-22,https://web.ksei.co.id/services/registered-securities/shares?setLocale=en-US,2026-09-22T00:46:23.298883+00:00,418,INCI,INTANWIJAYA INTERNASIONAL Tbk,"EDI01 - ELECTRONIC DATA INTERCHANGE INDONESIA, PT",500,https://web.ksei.co.id/services/registered-securities/shares/lc/INCI,True
2026-09-22,https://web.ksei.co.id/services/registered-securities/shares?setLocale=en-US,2026-09-22T00:46:23.298883+00:00,419,INCO,VALE INDONESIA Tbk,"BIME1 - BIMA REGISTRA, PT",25,https://web.ksei.co.id/services/registered-securities/shares/lc/INCO,True
2026-09-22,https://web.ksei.co.id/services/registered-securities/shares?setLocale=en-US,2026-09-22T00:46:23.298883+00:00,420,INDF,INDOFOOD SUKSES MAKMUR Tbk,"RISR1 - RAYA SAHAM REGISTRA, PT",100,https://web.ksei.co.id/services/registered-securities/shares/lc/INDF,True
2026-09-22,https://web.ksei.co.id/services/registered-securities/shares?setLocale=en-US,2026-09-22T00:46:23.298883+00:00,421,INDO,ROYALINDO INVESTA WIJAYA Tbk,"ADTR1 - ADIMITRA JASA KORPORA, PT",100,https://web.ksei.co.id/services/registered-securities/shares/lc/INDO,True
2026-09-22,https://web.ksei.co.id/services/registered-securities/shares?setLocale=en-US,2026-09-22T00:46:23.298883+00:00,422,INDR,INDO-RAMA SYNTHETICS Tbk,"ADTR1 - ADIMITRA JASA KORPORA, PT",500,https://web.ksei.co.id/services/registered-securities/shares/lc/INDR,True
2026-09-22,https://web.ksei.co.id/services/registered-securities/shares?setLocale=en-US,2026-09-22T00:46:23.298883+00:00,423,INDS,INDOSPRING Tbk,"ADTR1 - ADIMITRA JASA KORPORA, PT",100,https://web.ksei.co.id/services/registered-securities/shares/lc/INDS,True
2026-09-22,https://web.ksei.co.id/services/registered-securities/shares?setLocale=en-US,2026-09-22T00:46:23.298883+00:00,424,INDX,TANAH LAUT Tbk,"ADTR1 - ADIMITRA JASA KORPORA, PT",250,https://web.ksei.co.id/services/registered-securities/shares/lc/INDX,True
2026-09-22,https://web.ksei.co.id/services/registered-securities/shares?setLocale=en-US,2026-09-22T00:46:23.298883+00:00,425,INDY,INDIKA ENERGY Tbk,"DAEN1 - DATINDO ENTRYCOM, PT",100,https://web.ksei.co.id/services/registered-securities/shares/lc/INDY,True
2026-09-22,https://web.ksei.co.id/services/registered-securities/shares?setLocale=en-US,2026-09-22T00:46:23.298883+00:00,426,INET,SINERGI INTI ANDALAN PRIMA Tbk,"FIBU1 - FICOMINDO BUANA REGISTRAR, PT",10,https://web.ksei.co.id/services/registered-securities/shares/lc/INET,True
2026-09-22,https://web.ksei.co.id/services/registered-securities/shares?setLocale=en-US,2026-09-22T00:46:23.298883+00:00,427,INKP,INDAH KIAT PULP AND PAPER Tbk,"SIGU1 - SINARTAMA GUNITA, PT",1000,https://web.ksei.co.id/services/registered-securities/shares/lc/INKP,True
2026-09-22,https://web.ksei.co.id/services/registered-securities/shares?setLocale=en-US,2026-09-22T00:46:23.298883+00:00,428,INOV,INOCYCLE TECHNOLOGY GROUP Tbk,"ADTR1 - ADIMITRA JASA KORPORA, PT",100,https://web.ksei.co.id/services/registered-securities/shares/lc/INOV,True
2026-09-22,https://web.ksei.co.id/services/registered-securities/shares?setLocale=en-US,2026-09-22T00:46:23.298883+00:00,429,INPC,BANK ARTHA GRAHA INTERNASIONAL Tbk,"RISR1 - RAYA SAHAM REGISTRA, PT",111,https://web.ksei.co.id/services/registered-securities/shares/lc/INPC,True
2026-09-22,https://web.ksei.co.id/services/registered-securities/shares?setLocale=en-US,2026-09-22T00:46:23.298883+00:00,430,INPP,INDONESIAN PARADISE PROPERTY Tbk,"ADTR1 - ADIMITRA JASA KORPORA, PT",100,https://web.ksei.co.id/services/registered-securities/shares/lc/INPP,True
2026-09-22,https://web.ksei.co.id/services/registered-securities/shares?setLocale=en-US,2026-09-22T00:46:23.298883+00:00,431,INPS,INDAH PRAKASA SENTOSA Tbk,"ADTR1 - ADIMITRA JASA KORPORA, PT",100,https://web.ksei.co.id/services/registered-securities/shares/lc/INPS,True
2026-09-22,https://web.ksei.co.id/services/registered-securities/shares?setLocale=en-US,2026-09-22T00:46:23.298883+00:00,432,INRU,TOBA PULP LESTARI Tbk,"RISR1 - RAYA SAHAM REGISTRA, PT",1000,https://web.ksei.co.id/services/registered-securities/shares/lc/INRU,True
2026-09-22,https://web.ksei.co.id/services/registered-securities/shares?setLocale=en-US,2026-09-22T00:46:23.298883+00:00,433,INTA,INTRACO PENTA Tbk,"ADTR1 - ADIMITRA JASA KORPORA, PT",50,https://web.ksei.co.id/services/registered-securities/shares/lc/INTA,True
2026-09-22,https://web.ksei.co.id/services/registered-securities/shares?setLocale=en-US,2026-09-22T00:46:23.298883+00:00,434,INTD,INTER DELTA Tbk,"ADTR1 - ADIMITRA JASA KORPORA, PT",100,https://web.ksei.co.id/services/registered-securities/shares/lc/INTD,True
2026-09-22,https://web.ksei.co.id/services/registered-securities/shares?setLocale=en-US,2026-09-22T00:46:23.298883+00:00,435,INTP,INDOCEMENT TUNGGAL PRAKARSA Tbk,"RISR1 - RAYA SAHAM REGISTRA, PT",500,https://web.ksei.co.id/services/registered-securities/shares/lc/INTP,True
2026-09-22,https://web.ksei.co.id/services/registered-securities/shares?setLocale=en-US,2026-09-22T00:46:23.298883+00:00,436,IOTF,SUMBER SINERGI MAKMUR Tbk,"BIME1 - BIMA REGISTRA, PT",10,https://web.ksei.co.id/services/registered-securities/shares/lc/IOTF,True
2026-09-22,https://web.ksei.co.id/services/registered-securities/shares?setLocale=en-US,2026-09-22T00:46:23.298883+00:00,437,IPAC,ERA GRAHAREALTY Tbk,"DAEN1 - DATINDO ENTRYCOM, PT",10,https://web.ksei.co.id/services/registered-securities/shares/lc/IPAC,True
2026-09-22,https://web.ksei.co.id/services/registered-securities/shares?setLocale=en-US,2026-09-22T00:46:23.298883+00:00,438,IPCC,INDONESIA KENDARAAN TERMINAL Tbk,"EDI01 - ELECTRONIC DATA INTERCHANGE INDONESIA, PT",100,https://web.ksei.co.id/services/registered-securities/shares/lc/IPCC,True
2026-09-22,https://web.ksei.co.id/services/registered-securities/shares?setLocale=en-US,2026-09-22T00:46:23.298883+00:00,439,IPCM,JASA ARMADA INDONESIA Tbk,"EDI01 - ELECTRONIC DATA INTERCHANGE INDONESIA, PT",100,https://web.ksei.co.id/services/registered-securities/shares/lc/IPCM,True
2026-09-22,https://web.ksei.co.id/services/registered-securities/shares?setLocale=en-US,2026-09-22T00:46:23.298883+00:00,440,IPOL,INDOPOLY SWAKARSA INDUSTRY Tbk,"RISR1 - RAYA SAHAM REGISTRA, PT",100,https://web.ksei.co.id/services/registered-securities/shares/lc/IPOL,True
2026-09-22,https://web.ksei.co.id/services/registered-securities/shares?setLocale=en-US,2026-09-22T00:46:23.298883+00:00,441,IPPE,INDO PURECO PRATAMA Tbk,"ADTR1 - ADIMITRA JASA KORPORA, PT",50,https://web.ksei.co.id/services/registered-securities/shares/lc/IPPE,True
2026-09-22,https://web.ksei.co.id/services/registered-securities/shares?setLocale=en-US,2026-09-22T00:46:23.298883+00:00,442,IPTV,MNC VISION NETWORKS Tbk,BSRE1 - BSR INDONESIA PT.,100,https://web.ksei.co.id/services/registered-securities/shares/lc/IPTV,True
2026-09-22,https://web.ksei.co.id/services/registered-securities/shares?setLocale=en-US,2026-09-22T00:46:23.298883+00:00,443,IRRA,ITAMA RANORAYA Tbk,"ADTR1 - ADIMITRA JASA KORPORA, PT",50,https://web.ksei.co.id/services/registered-securities/shares/lc/IRRA,True
2026-09-22,https://web.ksei.co.id/services/registered-securities/shares?setLocale=en-US,2026-09-22T00:46:23.298883+00:00,444,IRSX,FOLAGO GLOBAL NUSANTARA Tbk,"FIBU1 - FICOMINDO BUANA REGISTRAR, PT",15,https://web.ksei.co.id/services/registered-securities/shares/lc/IRSX,True
2026-09-22,https://web.ksei.co.id/services/registered-securities/shares?setLocale=en-US,2026-09-22T00:46:23.298883+00:00,445,ISAP,ISRA PRESISI INDONESIA Tbk,"DAEN1 - DATINDO ENTRYCOM, PT",10,https://web.ksei.co.id/services/registered-securities/shares/lc/ISAP,True
2026-09-22,https://web.ksei.co.id/services/registered-securities/shares?setLocale=en-US,2026-09-22T00:46:23.298883+00:00,446,ISAT,INDOSAT Tbk,"EDI01 - ELECTRONIC DATA INTERCHANGE INDONESIA, PT",25,https://web.ksei.co.id/services/registered-securities/shares/lc/ISAT,True
2026-09-22,https://web.ksei.co.id/services/registered-securities/shares?setLocale=en-US,2026-09-22T00:46:23.298883+00:00,447,ISEA,INDO AMERICAN SEAFOODS Tbk,"SIGU1 - SINARTAMA GUNITA, PT",50,https://web.ksei.co.id/services/registered-securities/shares/lc/ISEA,True
2026-09-22,https://web.ksei.co.id/services/registered-securities/shares?setLocale=en-US,2026-09-22T00:46:23.298883+00:00,448,ISSP,STEEL PIPE INDUSTRY OF INDONESIA Tbk,"ADTR1 - ADIMITRA JASA KORPORA, PT",100,https://web.ksei.co.id/services/registered-securities/shares/lc/ISSP,True
2026-09-22,https://web.ksei.co.id/services/registered-securities/shares?setLocale=en-US,2026-09-22T00:46:23.298883+00:00,449,ITIC,INDONESIAN TOBACCO Tbk,"ADTR1 - ADIMITRA JASA KORPORA, PT",50,https://web.ksei.co.id/services/registered-securities/shares/lc/ITIC,True
2026-09-22,https://web.ksei.co.id/services/registered-securities/shares?setLocale=en-US,2026-09-22T00:46:23.298883+00:00,450,ITMA,SUMBER ENERGI ANDALAN Tbk,"EDI01 - ELECTRONIC DATA INTERCHANGE INDONESIA, PT",1000,https://web.ksei.co.id/services/registered-securities/shares/lc/ITMA,True
2026-09-22,https://web.ksei.co.id/services/registered-securities/shares?setLocale=en-US,2026-09-22T00:46:23.298883+00:00,451,ITMG,INDO TAMBANGRAYA MEGAH Tbk,"DAEN1 - DATINDO ENTRYCOM, PT",500,https://web.ksei.co.id/services/registered-securities/shares/lc/ITMG,True
2026-09-22,https://web.ksei.co.id/services/registered-securities/shares?setLocale=en-US,2026-09-22T00:46:23.298883+00:00,452,JARR,JHONLIN AGRO RAYA Tbk,"ADTR1 - ADIMITRA JASA KORPORA, PT",100,https://web.ksei.co.id/services/registered-securities/shares/lc/JARR,True
2026-09-22,https://web.ksei.co.id/services/registered-securities/shares?setLocale=en-US,2026-09-22T00:46:23.298883+00:00,453,JASS,JASA ANGKASA SEMESTA Tbk,"DAEN1 - DATINDO ENTRYCOM, PT",100,https://web.ksei.co.id/services/registered-securities/shares/lc/JASS,True
2026-09-22,https://web.ksei.co.id/services/registered-securities/shares?setLocale=en-US,2026-09-22T00:46:23.298883+00:00,454,JAST,JASNITA TELEKOMINDO Tbk,"ADTR1 - ADIMITRA JASA KORPORA, PT",100,https://web.ksei.co.id/services/registered-securities/shares/lc/JAST,True
2026-09-22,https://web.ksei.co.id/services/registered-securities/shares?setLocale=en-US,2026-09-22T00:46:23.298883+00:00,455,JATI,INFORMASI TEKNOLOGI INDONESIA Tbk,"BIME1 - BIMA REGISTRA, PT",20,https://web.ksei.co.id/services/registered-securities/shares/lc/JATI,True
2026-09-22,https://web.ksei.co.id/services/registered-securities/shares?setLocale=en-US,2026-09-22T00:46:23.298883+00:00,456,JAWA,JAYA AGRA WATTIE Tbk,"RISR1 - RAYA SAHAM REGISTRA, PT",100,https://web.ksei.co.id/services/registered-securities/shares/lc/JAWA,True
2026-09-22,https://web.ksei.co.id/services/registered-securities/shares?setLocale=en-US,2026-09-22T00:46:23.298883+00:00,457,JAYA,ARMADA BERJAYA TRANS Tbk,"ADTR1 - ADIMITRA JASA KORPORA, PT",100,https://web.ksei.co.id/services/registered-securities/shares/lc/JAYA,True
2026-09-22,https://web.ksei.co.id/services/registered-securities/shares?setLocale=en-US,2026-09-22T00:46:23.298883+00:00,458,JECC,JEMBO CABLE COMPANY Tbk,"DAEN1 - DATINDO ENTRYCOM, PT",100,https://web.ksei.co.id/services/registered-securities/shares/lc/JECC,True
2026-09-22,https://web.ksei.co.id/services/registered-securities/shares?setLocale=en-US,2026-09-22T00:46:23.298883+00:00,459,JECX,NITRASANATA DHARMA Tbk,"ADTR1 - ADIMITRA JASA KORPORA, PT",16,https://web.ksei.co.id/services/registered-securities/shares/lc/JECX,True
2026-09-22,https://web.ksei.co.id/services/registered-securities/shares?setLocale=en-US,2026-09-22T00:46:23.298883+00:00,460,JELI,NIRAMAS UTAMA Tbk,"ADTR1 - ADIMITRA JASA KORPORA, PT",100,https://web.ksei.co.id/services/registered-securities/shares/lc/JELI,True
2026-09-22,https://web.ksei.co.id/services/registered-securities/shares?setLocale=en-US,2026-09-22T00:46:23.298883+00:00,461,JGLE,GRAHA ANDRASENTRA PROPERTINDO Tbk,"FIBU1 - FICOMINDO BUANA REGISTRAR, PT",100,https://web.ksei.co.id/services/registered-securities/shares/lc/JGLE,True
2026-09-22,https://web.ksei.co.id/services/registered-securities/shares?setLocale=en-US,2026-09-22T00:46:23.298883+00:00,462,JIHD,JAKARTA INTERNATIONAL HOTELS & DEVELOPMENT Tbk,"RISR1 - RAYA SAHAM REGISTRA, PT",500,https://web.ksei.co.id/services/registered-securities/shares/lc/JIHD,True
2026-09-22,https://web.ksei.co.id/services/registered-securities/shares?setLocale=en-US,2026-09-22T00:46:23.298883+00:00,463,JKON,JAYA KONSTRUKSI MANGGALA PRATAMA Tbk,"ADTR1 - ADIMITRA JASA KORPORA, PT",20,https://web.ksei.co.id/services/registered-securities/shares/lc/JKON,True
2026-09-22,https://web.ksei.co.id/services/registered-securities/shares?setLocale=en-US,2026-09-22T00:46:23.298883+00:00,464,JKSW,JAKARTA KYOEI STEEL WORKS Tbk,"ADTR1 - ADIMITRA JASA KORPORA, PT",500,https://web.ksei.co.id/services/registered-securities/shares/lc/JKSW,True
2026-09-22,https://web.ksei.co.id/services/registered-securities/shares?setLocale=en-US,2026-09-22T00:46:23.298883+00:00,465,JMAS,ASURANSI JIWA SYARIAH JASA MITRA ABADI Tbk,"SHIN1 - SHARESTAR INDONESIA, PT",100,https://web.ksei.co.id/services/registered-securities/shares/lc/JMAS,True
2026-09-22,https://web.ksei.co.id/services/registered-securities/shares?setLocale=en-US,2026-09-22T00:46:23.298883+00:00,466,JPFA,JAPFA COMFEED INDONESIA Tbk,"ADTR1 - ADIMITRA JASA KORPORA, PT",200,https://web.ksei.co.id/services/registered-securities/shares/lc/JPFA,True
2026-09-22,https://web.ksei.co.id/services/registered-securities/shares?setLocale=en-US,2026-09-22T00:46:23.298883+00:00,467,JRPT,JAYA REAL PROPERTY Tbk,"ADTR1 - ADIMITRA JASA KORPORA, PT",20,https://web.ksei.co.id/services/registered-securities/shares/lc/JRPT,True
2026-09-22,https://web.ksei.co.id/services/registered-securities/shares?setLocale=en-US,2026-09-22T00:46:23.298883+00:00,468,JSKY,SKY ENERGY INDONESIA Tbk,"BIME1 - BIMA REGISTRA, PT",50,https://web.ksei.co.id/services/registered-securities/shares/lc/JSKY,True
2026-09-22,https://web.ksei.co.id/services/registered-securities/shares?setLocale=en-US,2026-09-22T00:46:23.298883+00:00,469,JSMR,JASA MARGA (PERSERO) Tbk,"DAEN1 - DATINDO ENTRYCOM, PT",500,https://web.ksei.co.id/services/registered-securities/shares/lc/JSMR,True
2026-09-22,https://web.ksei.co.id/services/registered-securities/shares?setLocale=en-US,2026-09-22T00:46:23.298883+00:00,470,JSPT,JAKARTA SETIABUDI INTERNASIONAL Tbk,"DAEN1 - DATINDO ENTRYCOM, PT",500,https://web.ksei.co.id/services/registered-securities/shares/lc/JSPT,True
2026-09-22,https://web.ksei.co.id/services/registered-securities/shares?setLocale=en-US,2026-09-22T00:46:23.298883+00:00,471,JTPE,JASUINDO TIGA PERKASA Tbk,"BIME1 - BIMA REGISTRA, PT",5,https://web.ksei.co.id/services/registered-securities/shares/lc/JTPE,True
2026-09-22,https://web.ksei.co.id/services/registered-securities/shares?setLocale=en-US,2026-09-22T00:46:23.298883+00:00,472,KAEF,KIMIA FARMA Tbk,"DAEN1 - DATINDO ENTRYCOM, PT",100,https://web.ksei.co.id/services/registered-securities/shares/lc/KAEF,True
2026-09-22,https://web.ksei.co.id/services/registered-securities/shares?setLocale=en-US,2026-09-22T00:46:23.298883+00:00,473,KAQI,JANTRA GRUPO INDONESIA Tbk,"SIGU1 - SINARTAMA GUNITA, PT",25,https://web.ksei.co.id/services/registered-securities/shares/lc/KAQI,True
2026-09-22,https://web.ksei.co.id/services/registered-securities/shares?setLocale=en-US,2026-09-22T00:46:23.298883+00:00,474,KARW,MERATUS JASA PRIMA Tbk,"RISR1 - RAYA SAHAM REGISTRA, PT",500,https://web.ksei.co.id/services/registered-securities/shares/lc/KARW,True
2026-09-22,https://web.ksei.co.id/services/registered-securities/shares?setLocale=en-US,2026-09-22T00:46:23.298883+00:00,475,KAYU,DARMI BERSAUDARA Tbk,"BIME1 - BIMA REGISTRA, PT",100,https://web.ksei.co.id/services/registered-securities/shares/lc/KAYU,True
2026-09-22,https://web.ksei.co.id/services/registered-securities/shares?setLocale=en-US,2026-09-22T00:46:23.298883+00:00,476,KBAG,KARYA BERSAMA ANUGERAH Tbk,"BIME1 - BIMA REGISTRA, PT",20,https://web.ksei.co.id/services/registered-securities/shares/lc/KBAG,True
2026-09-22,https://web.ksei.co.id/services/registered-securities/shares?setLocale=en-US,2026-09-22T00:46:23.298883+00:00,477,KBLI,KMI Wire and Cable Tbk,"DAEN1 - DATINDO ENTRYCOM, PT",500,https://web.ksei.co.id/services/registered-securities/shares/lc/KBLI,True
2026-09-22,https://web.ksei.co.id/services/registered-securities/shares?setLocale=en-US,2026-09-22T00:46:23.298883+00:00,478,KBLM,KABELINDO MURNI Tbk,"SIGU1 - SINARTAMA GUNITA, PT",1000,https://web.ksei.co.id/services/registered-securities/shares/lc/KBLM,True
2026-09-22,https://web.ksei.co.id/services/registered-securities/shares?setLocale=en-US,2026-09-22T00:46:23.298883+00:00,479,KBLV,FIRST MEDIA Tbk,"SHIN1 - SHARESTAR INDONESIA, PT",500,https://web.ksei.co.id/services/registered-securities/shares/lc/KBLV,True
2026-09-22,https://web.ksei.co.id/services/registered-securities/shares?setLocale=en-US,2026-09-22T00:46:23.298883+00:00,480,KBRI,KERTAS BASUKI RACHMAT INDONESIA Tbk,"FIBU1 - FICOMINDO BUANA REGISTRAR, PT",200,https://web.ksei.co.id/services/registered-securities/shares/lc/KBRI,True
2026-09-22,https://web.ksei.co.id/services/registered-securities/shares?setLocale=en-US,2026-09-22T00:46:23.298883+00:00,481,KDSI,KEDAWUNG SETIA INDUSTRIAL Tbk,"SIGU1 - SINARTAMA GUNITA, PT",500,https://web.ksei.co.id/services/registered-securities/shares/lc/KDSI,True
2026-09-22,https://web.ksei.co.id/services/registered-securities/shares?setLocale=en-US,2026-09-22T00:46:23.298883+00:00,482,KDTN,PURI SENTUL PERMAI Tbk,"DAEN1 - DATINDO ENTRYCOM, PT",25,https://web.ksei.co.id/services/registered-securities/shares/lc/KDTN,True
2026-09-22,https://web.ksei.co.id/services/registered-securities/shares?setLocale=en-US,2026-09-22T00:46:23.298883+00:00,483,KEEN,KENCANA ENERGI LESTARI Tbk,"SIGU1 - SINARTAMA GUNITA, PT",100,https://web.ksei.co.id/services/registered-securities/shares/lc/KEEN,True
2026-09-22,https://web.ksei.co.id/services/registered-securities/shares?setLocale=en-US,2026-09-22T00:46:23.298883+00:00,484,KEJU,MULIA BOGA RAYA Tbk,"BIME1 - BIMA REGISTRA, PT",50,https://web.ksei.co.id/services/registered-securities/shares/lc/KEJU,True
2026-09-22,https://web.ksei.co.id/services/registered-securities/shares?setLocale=en-US,2026-09-22T00:46:23.298883+00:00,485,KETR,KETROSDEN TRIASMITRA Tbk,"ADTR1 - ADIMITRA JASA KORPORA, PT",100,https://web.ksei.co.id/services/registered-securities/shares/lc/KETR,True
2026-09-22,https://web.ksei.co.id/services/registered-securities/shares?setLocale=en-US,2026-09-22T00:46:23.298883+00:00,486,KIAS,KERAMIKA INDONESIA ASSOSIASI Tbk,"ADTR1 - ADIMITRA JASA KORPORA, PT",500,https://web.ksei.co.id/services/registered-securities/shares/lc/KIAS,True
2026-09-22,https://web.ksei.co.id/services/registered-securities/shares?setLocale=en-US,2026-09-22T00:46:23.298883+00:00,487,KICI,KEDAUNG INDAH CAN Tbk,"RISR1 - RAYA SAHAM REGISTRA, PT",500,https://web.ksei.co.id/services/registered-securities/shares/lc/KICI,True
2026-09-22,https://web.ksei.co.id/services/registered-securities/shares?setLocale=en-US,2026-09-22T00:46:23.298883+00:00,488,KIJA,KAWASAN INDUSTRI JABABEKA Tbk,"DAEN1 - DATINDO ENTRYCOM, PT",1000,https://web.ksei.co.id/services/registered-securities/shares/lc/KIJA,True
2026-09-22,https://web.ksei.co.id/services/registered-securities/shares?setLocale=en-US,2026-09-22T00:46:23.298883+00:00,489,KING,HOFFMEN CLEANINDO Tbk,"ADTR1 - ADIMITRA JASA KORPORA, PT",20,https://web.ksei.co.id/services/registered-securities/shares/lc/KING,True
2026-09-22,https://web.ksei.co.id/services/registered-securities/shares?setLocale=en-US,2026-09-22T00:46:23.298883+00:00,490,KINO,KINO INDONESIA Tbk,"DAEN1 - DATINDO ENTRYCOM, PT",100,https://web.ksei.co.id/services/registered-securities/shares/lc/KINO,True
2026-09-22,https://web.ksei.co.id/services/registered-securities/shares?setLocale=en-US,2026-09-22T00:46:23.298883+00:00,491,KIOS,KIOSON KOMERSIAL INDONESIA Tbk,"SIGU1 - SINARTAMA GUNITA, PT",100,https://web.ksei.co.id/services/registered-securities/shares/lc/KIOS,True
2026-09-22,https://web.ksei.co.id/services/registered-securities/shares?setLocale=en-US,2026-09-22T00:46:23.298883+00:00,492,KJEN,KRIDA JARINGAN NUSANTARA Tbk,"ADTR1 - ADIMITRA JASA KORPORA, PT",100,https://web.ksei.co.id/services/registered-securities/shares/lc/KJEN,True
2026-09-22,https://web.ksei.co.id/services/registered-securities/shares?setLocale=en-US,2026-09-22T00:46:23.298883+00:00,493,KKES,KUSUMA KEMINDO SENTOSA Tbk,"BIME1 - BIMA REGISTRA, PT",10,https://web.ksei.co.id/services/registered-securities/shares/lc/KKES,True
2026-09-22,https://web.ksei.co.id/services/registered-securities/shares?setLocale=en-US,2026-09-22T00:46:23.298883+00:00,494,KKGI,RESOURCE ALAM INDONESIA Tbk,"EDI01 - ELECTRONIC DATA INTERCHANGE INDONESIA, PT",10,https://web.ksei.co.id/services/registered-securities/shares/lc/KKGI,True
2026-09-22,https://web.ksei.co.id/services/registered-securities/shares?setLocale=en-US,2026-09-22T00:46:23.298883+00:00,495,KLAS,PELAYARAN KURNIA LAUTAN SEMESTA Tbk,"SHIN1 - SHARESTAR INDONESIA, PT",40,https://web.ksei.co.id/services/registered-securities/shares/lc/KLAS,True
2026-09-22,https://web.ksei.co.id/services/registered-securities/shares?setLocale=en-US,2026-09-22T00:46:23.298883+00:00,496,KLBF,KALBE FARMA Tbk,"ADTR1 - ADIMITRA JASA KORPORA, PT",10,https://web.ksei.co.id/services/registered-securities/shares/lc/KLBF,True
2026-09-22,https://web.ksei.co.id/services/registered-securities/shares?setLocale=en-US,2026-09-22T00:46:23.298883+00:00,497,KLIN,KLINKO KARYA IMAJI Tbk,"ADTR1 - ADIMITRA JASA KORPORA, PT",10,https://web.ksei.co.id/services/registered-securities/shares/lc/KLIN,True
2026-09-22,https://web.ksei.co.id/services/registered-securities/shares?setLocale=en-US,2026-09-22T00:46:23.298883+00:00,498,KMDS,KURNIAMITRA DUTA SENTOSA Tbk,"ADTR1 - ADIMITRA JASA KORPORA, PT",100,https://web.ksei.co.id/services/registered-securities/shares/lc/KMDS,True
2026-09-22,https://web.ksei.co.id/services/registered-securities/shares?setLocale=en-US,2026-09-22T00:46:23.298883+00:00,499,KMTR,KIRANA MEGATARA Tbk,"ADTR1 - ADIMITRA JASA KORPORA, PT",100,https://web.ksei.co.id/services/registered-securities/shares/lc/KMTR,True
2026-09-22,https://web.ksei.co.id/services/registered-securities/shares?setLocale=en-US,2026-09-22T00:46:23.298883+00:00,500,KOBX,KOBEXINDO TRACTORS Tbk,"DAEN1 - DATINDO ENTRYCOM, PT",100,https://web.ksei.co.id/services/registered-securities/shares/lc/KOBX,True
2026-09-22,https://web.ksei.co.id/services/registered-securities/shares?setLocale=en-US,2026-09-22T00:46:23.298883+00:00,501,KOCI,KOKOH EXA NUSANTARA Tbk,"ADTR1 - ADIMITRA JASA KORPORA, PT",10,https://web.ksei.co.id/services/registered-securities/shares/lc/KOCI,True
2026-09-22,https://web.ksei.co.id/services/registered-securities/shares?setLocale=en-US,2026-09-22T00:46:23.298883+00:00,502,KOIN,KOKOH INTI AREBAMA Tbk,"ADTR1 - ADIMITRA JASA KORPORA, PT",100,https://web.ksei.co.id/services/registered-securities/shares/lc/KOIN,True
2026-09-22,https://web.ksei.co.id/services/registered-securities/shares?setLocale=en-US,2026-09-22T00:46:23.298883+00:00,503,KOKA,KOKA INDONESIA Tbk,"ADTR1 - ADIMITRA JASA KORPORA, PT",25,https://web.ksei.co.id/services/registered-securities/shares/lc/KOKA,True
2026-09-22,https://web.ksei.co.id/services/registered-securities/shares?setLocale=en-US,2026-09-22T00:46:23.298883+00:00,504,KONI,PERDANA BANGUN PUSAKA Tbk,"SIGU1 - SINARTAMA GUNITA, PT",250,https://web.ksei.co.id/services/registered-securities/shares/lc/KONI,True
2026-09-22,https://web.ksei.co.id/services/registered-securities/shares?setLocale=en-US,2026-09-22T00:46:23.298883+00:00,505,KOPI,MITRA ENERGI PERSADA Tbk,"SIGU1 - SINARTAMA GUNITA, PT",14750,https://web.ksei.co.id/services/registered-securities/shares/lc/KOPI,True
2026-09-22,https://web.ksei.co.id/services/registered-securities/shares?setLocale=en-US,2026-09-22T00:46:23.298883+00:00,506,KOTA,DMS PROPERTINDO Tbk,"BIME1 - BIMA REGISTRA, PT",100,https://web.ksei.co.id/services/registered-securities/shares/lc/KOTA,True
2026-09-22,https://web.ksei.co.id/services/registered-securities/shares?setLocale=en-US,2026-09-22T00:46:23.298883+00:00,507,KPAL,STEADFAST MARINE Tbk,"RISR1 - RAYA SAHAM REGISTRA, PT",100,https://web.ksei.co.id/services/registered-securities/shares/lc/KPAL,True
2026-09-22,https://web.ksei.co.id/services/registered-securities/shares?setLocale=en-US,2026-09-22T00:46:23.298883+00:00,508,KPAS,COTTONINDO ARIESTA Tbk,"ADTR1 - ADIMITRA JASA KORPORA, PT",100,https://web.ksei.co.id/services/registered-securities/shares/lc/KPAS,True
2026-09-22,https://web.ksei.co.id/services/registered-securities/shares?setLocale=en-US,2026-09-22T00:46:23.298883+00:00,509,KPIG,MNC TOURISM INDONESIA Tbk,BSRE1 - BSR INDONESIA PT.,100,https://web.ksei.co.id/services/registered-securities/shares/lc/KPIG,True
2026-09-22,https://web.ksei.co.id/services/registered-securities/shares?setLocale=en-US,2026-09-22T00:46:23.298883+00:00,510,KRAH,GRAND KARTECH Tbk,"RISR1 - RAYA SAHAM REGISTRA, PT",100,https://web.ksei.co.id/services/registered-securities/shares/lc/KRAH,True
2026-09-22,https://web.ksei.co.id/services/registered-securities/shares?setLocale=en-US,2026-09-22T00:46:23.298883+00:00,511,KRAS,KRAKATAU STEEL Tbk,BSRE1 - BSR INDONESIA PT.,500,https://web.ksei.co.id/services/registered-securities/shares/lc/KRAS,True
2026-09-22,https://web.ksei.co.id/services/registered-securities/shares?setLocale=en-US,2026-09-22T00:46:23.298883+00:00,512,KREN,QUANTUM CLOVERA INVESTAMA Tbk,"ADTR1 - ADIMITRA JASA KORPORA, PT",25,https://web.ksei.co.id/services/registered-securities/shares/lc/KREN,True
2026-09-22,https://web.ksei.co.id/services/registered-securities/shares?setLocale=en-US,2026-09-22T00:46:23.298883+00:00,513,KRYA,BANGUN KARYA PERKASA JAYA Tbk,"BIME1 - BIMA REGISTRA, PT",25,https://web.ksei.co.id/services/registered-securities/shares/lc/KRYA,True
2026-09-22,https://web.ksei.co.id/services/registered-securities/shares?setLocale=en-US,2026-09-22T00:46:23.298883+00:00,514,KSIX,KENTANIX SUPRA INTERNATIONAL Tbk,"ADTR1 - ADIMITRA JASA KORPORA, PT",100,https://web.ksei.co.id/services/registered-securities/shares/lc/KSIX,True
2026-09-22,https://web.ksei.co.id/services/registered-securities/shares?setLocale=en-US,2026-09-22T00:46:23.298883+00:00,515,KUAS,ACE OLDFIELDS Tbk,"BIME1 - BIMA REGISTRA, PT",50,https://web.ksei.co.id/services/registered-securities/shares/lc/KUAS,True
2026-09-22,https://web.ksei.co.id/services/registered-securities/shares?setLocale=en-US,2026-09-22T00:46:23.298883+00:00,516,LABA,GREEN POWER GROUP Tbk,"BIME1 - BIMA REGISTRA, PT",25,https://web.ksei.co.id/services/registered-securities/shares/lc/LABA,True
2026-09-22,https://web.ksei.co.id/services/registered-securities/shares?setLocale=en-US,2026-09-22T00:46:23.298883+00:00,517,LABS,UBC MEDICAL INDONESIA Tbk,"BIME1 - BIMA REGISTRA, PT",20,https://web.ksei.co.id/services/registered-securities/shares/lc/LABS,True
2026-09-22,https://web.ksei.co.id/services/registered-securities/shares?setLocale=en-US,2026-09-22T00:46:23.298883+00:00,518,LAJU,JASA BERDIKARI LOGISTICS Tbk,"SIGU1 - SINARTAMA GUNITA, PT",25,https://web.ksei.co.id/services/registered-securities/shares/lc/LAJU,True
2026-09-22,https://web.ksei.co.id/services/registered-securities/shares?setLocale=en-US,2026-09-22T00:46:23.298883+00:00,519,LAND,TRIMITRA PROPERTINDO Tbk,"RISR1 - RAYA SAHAM REGISTRA, PT",100,https://web.ksei.co.id/services/registered-securities/shares/lc/LAND,True
2026-09-22,https://web.ksei.co.id/services/registered-securities/shares?setLocale=en-US,2026-09-22T00:46:23.298883+00:00,520,LAPD,LEYAND INTERNATIONAL Tbk,"FIBU1 - FICOMINDO BUANA REGISTRAR, PT",100,https://web.ksei.co.id/services/registered-securities/shares/lc/LAPD,True
2026-09-22,https://web.ksei.co.id/services/registered-securities/shares?setLocale=en-US,2026-09-22T00:46:23.298883+00:00,521,LCGP,EUREKA PRIMA JAKARTA Tbk,"SIGU1 - SINARTAMA GUNITA, PT",100,https://web.ksei.co.id/services/registered-securities/shares/lc/LCGP,True
2026-09-22,https://web.ksei.co.id/services/registered-securities/shares?setLocale=en-US,2026-09-22T00:46:23.298883+00:00,522,LCKM,LCK GLOBAL KEDATON Tbk,"BIME1 - BIMA REGISTRA, PT",100,https://web.ksei.co.id/services/registered-securities/shares/lc/LCKM,True
2026-09-22,https://web.ksei.co.id/services/registered-securities/shares?setLocale=en-US,2026-09-22T00:46:23.298883+00:00,523,LEAD,LOGINDO SAMUDRAMAKMUR Tbk,"RISR1 - RAYA SAHAM REGISTRA, PT",25,https://web.ksei.co.id/services/registered-securities/shares/lc/LEAD,True
2026-09-22,https://web.ksei.co.id/services/registered-securities/shares?setLocale=en-US,2026-09-22T00:46:23.298883+00:00,524,LFLO,IMAGO MULIA PERSADA Tbk,"BIME1 - BIMA REGISTRA, PT",10,https://web.ksei.co.id/services/registered-securities/shares/lc/LFLO,True
2026-09-22,https://web.ksei.co.id/services/registered-securities/shares?setLocale=en-US,2026-09-22T00:46:23.298883+00:00,525,LIFE,MSIG LIFE INSURANCE INDONESIA Tbk,"SIGU1 - SINARTAMA GUNITA, PT",100,https://web.ksei.co.id/services/registered-securities/shares/lc/LIFE,True
2026-09-22,https://web.ksei.co.id/services/registered-securities/shares?setLocale=en-US,2026-09-22T00:46:23.298883+00:00,526,LINK,LINK NET Tbk,"SHIN1 - SHARESTAR INDONESIA, PT",100,https://web.ksei.co.id/services/registered-securities/shares/lc/LINK,True
2026-09-22,https://web.ksei.co.id/services/registered-securities/shares?setLocale=en-US,2026-09-22T00:46:23.298883+00:00,527,LION,LION METAL WORKS Tbk,"RISR1 - RAYA SAHAM REGISTRA, PT",100,https://web.ksei.co.id/services/registered-securities/shares/lc/LION,True
2026-09-22,https://web.ksei.co.id/services/registered-securities/shares?setLocale=en-US,2026-09-22T00:46:23.298883+00:00,528,LIVE,HOMECO VICTORIA MAKMUR Tbk,"SIGU1 - SINARTAMA GUNITA, PT",25,https://web.ksei.co.id/services/registered-securities/shares/lc/LIVE,True
2026-09-22,https://web.ksei.co.id/services/registered-securities/shares?setLocale=en-US,2026-09-22T00:46:23.298883+00:00,529,LMAS,LIMAS INDONESIA MAKMUR Tbk,"ADTR1 - ADIMITRA JASA KORPORA, PT",100,https://web.ksei.co.id/services/registered-securities/shares/lc/LMAS,True
2026-09-22,https://web.ksei.co.id/services/registered-securities/shares?setLocale=en-US,2026-09-22T00:46:23.298883+00:00,530,LMAX,LUPROMAX PELUMAS INDONESIA Tbk,"BIME1 - BIMA REGISTRA, PT",20,https://web.ksei.co.id/services/registered-securities/shares/lc/LMAX,True
2026-09-22,https://web.ksei.co.id/services/registered-securities/shares?setLocale=en-US,2026-09-22T00:46:23.298883+00:00,531,LMPI,LANGGENG MAKMUR INDUSTRI Tbk,"DAEN1 - DATINDO ENTRYCOM, PT",500,https://web.ksei.co.id/services/registered-securities/shares/lc/LMPI,True
2026-09-22,https://web.ksei.co.id/services/registered-securities/shares?setLocale=en-US,2026-09-22T00:46:23.298883+00:00,532,LMSH,LIONMESH PRIMA Tbk,"RISR1 - RAYA SAHAM REGISTRA, PT",100,https://web.ksei.co.id/services/registered-securities/shares/lc/LMSH,True
2026-09-22,https://web.ksei.co.id/services/registered-securities/shares?setLocale=en-US,2026-09-22T00:46:23.298883+00:00,533,LOPI,LOGISTICSPLUS INTERNATIONAL Tbk,"ADTR1 - ADIMITRA JASA KORPORA, PT",25,https://web.ksei.co.id/services/registered-securities/shares/lc/LOPI,True
2026-09-22,https://web.ksei.co.id/services/registered-securities/shares?setLocale=en-US,2026-09-22T00:46:23.298883+00:00,534,LPCK,LIPPO CIKARANG Tbk,"SHIN1 - SHARESTAR INDONESIA, PT",500,https://web.ksei.co.id/services/registered-securities/shares/lc/LPCK,True
2026-09-22,https://web.ksei.co.id/services/registered-securities/shares?setLocale=en-US,2026-09-22T00:46:23.298883+00:00,535,LPGI,LIPPO GENERAL INSURANCE Tbk,"SHIN1 - SHARESTAR INDONESIA, PT",50,https://web.ksei.co.id/services/registered-securities/shares/lc/LPGI,True
2026-09-22,https://web.ksei.co.id/services/registered-securities/shares?setLocale=en-US,2026-09-22T00:46:23.298883+00:00,536,LPIN,MULTI PRIMA SEJAHTERA Tbk,"SHIN1 - SHARESTAR INDONESIA, PT",25,https://web.ksei.co.id/services/registered-securities/shares/lc/LPIN,True
2026-09-22,https://web.ksei.co.id/services/registered-securities/shares?setLocale=en-US,2026-09-22T00:46:23.298883+00:00,537,LPKR,LIPPO KARAWACI Tbk,"SHIN1 - SHARESTAR INDONESIA, PT",100,https://web.ksei.co.id/services/registered-securities/shares/lc/LPKR,True
2026-09-22,https://web.ksei.co.id/services/registered-securities/shares?setLocale=en-US,2026-09-22T00:46:23.298883+00:00,538,LPLI,STAR PACIFIC Tbk,"SHIN1 - SHARESTAR INDONESIA, PT",5000,https://web.ksei.co.id/services/registered-securities/shares/lc/LPLI,True
2026-09-22,https://web.ksei.co.id/services/registered-securities/shares?setLocale=en-US,2026-09-22T00:46:23.298883+00:00,539,LPPF,MDS RETAILING Tbk,"SHIN1 - SHARESTAR INDONESIA, PT",5000,https://web.ksei.co.id/services/registered-securities/shares/lc/LPPF,True
2026-09-22,https://web.ksei.co.id/services/registered-securities/shares?setLocale=en-US,2026-09-22T00:46:23.298883+00:00,540,LPPS,LENOX PASIFIK INVESTAMA Tbk,"SHIN1 - SHARESTAR INDONESIA, PT",1000,https://web.ksei.co.id/services/registered-securities/shares/lc/LPPS,True
2026-09-22,https://web.ksei.co.id/services/registered-securities/shares?setLocale=en-US,2026-09-22T00:46:23.298883+00:00,541,LRNA,EKA SARI LORENA TRANSPORT Tbk,"ADTR1 - ADIMITRA JASA KORPORA, PT",500,https://web.ksei.co.id/services/registered-securities/shares/lc/LRNA,True
2026-09-22,https://web.ksei.co.id/services/registered-securities/shares?setLocale=en-US,2026-09-22T00:46:23.298883+00:00,542,LSIP,PP LONDON SUMATRA INDONESIA Tbk,"RISR1 - RAYA SAHAM REGISTRA, PT",100,https://web.ksei.co.id/services/registered-securities/shares/lc/LSIP,True
2026-09-22,https://web.ksei.co.id/services/registered-securities/shares?setLocale=en-US,2026-09-22T00:46:23.298883+00:00,543,LTLS,LAUTAN LUAS Tbk,"DAEN1 - DATINDO ENTRYCOM, PT",125,https://web.ksei.co.id/services/registered-securities/shares/lc/LTLS,True
2026-09-22,https://web.ksei.co.id/services/registered-securities/shares?setLocale=en-US,2026-09-22T00:46:23.298883+00:00,544,LUCK,SENTRAL MITRA INFORMATIKA Tbk,"ADTR1 - ADIMITRA JASA KORPORA, PT",100,https://web.ksei.co.id/services/registered-securities/shares/lc/LUCK,True
2026-09-22,https://web.ksei.co.id/services/registered-securities/shares?setLocale=en-US,2026-09-22T00:46:23.298883+00:00,545,LUCY,LIMA DUA LIMA TIGA Tbk,"ADTR1 - ADIMITRA JASA KORPORA, PT",10,https://web.ksei.co.id/services/registered-securities/shares/lc/LUCY,True
2026-09-22,https://web.ksei.co.id/services/registered-securities/shares?setLocale=en-US,2026-09-22T00:46:23.298883+00:00,546,MABA,MARGA ABHINAYA ABADI Tbk,"DAEN1 - DATINDO ENTRYCOM, PT",100,https://web.ksei.co.id/services/registered-securities/shares/lc/MABA,True
2026-09-22,https://web.ksei.co.id/services/registered-securities/shares?setLocale=en-US,2026-09-22T00:46:23.298883+00:00,547,MAGP,MULTI AGRO GEMILANG PLANTATION Tbk,BSRE1 - BSR INDONESIA PT.,100,https://web.ksei.co.id/services/registered-securities/shares/lc/MAGP,True
2026-09-22,https://web.ksei.co.id/services/registered-securities/shares?setLocale=en-US,2026-09-22T00:46:23.298883+00:00,548,MAHA,MANDIRI HERINDO ADIPERKASA Tbk,"RISR1 - RAYA SAHAM REGISTRA, PT",60,https://web.ksei.co.id/services/registered-securities/shares/lc/MAHA,True
2026-09-22,https://web.ksei.co.id/services/registered-securities/shares?setLocale=en-US,2026-09-22T00:46:23.298883+00:00,549,MAIN,MALINDO FEEDMILL Tbk,"SIGU1 - SINARTAMA GUNITA, PT",20,https://web.ksei.co.id/services/registered-securities/shares/lc/MAIN,True
2026-09-22,https://web.ksei.co.id/services/registered-securities/shares?setLocale=en-US,2026-09-22T00:46:23.298883+00:00,550,MAMI,MAS MURNI INDONESIA Tbk,"DAEN1 - DATINDO ENTRYCOM, PT",500,https://web.ksei.co.id/services/registered-securities/shares/lc/MAMI,True
2026-09-22,https://web.ksei.co.id/services/registered-securities/shares?setLocale=en-US,2026-09-22T00:46:23.298883+00:00,551,MAMIP,MAS MURNI INDONESIA Tbk PREFEREN,"DAEN1 - DATINDO ENTRYCOM, PT",150,https://web.ksei.co.id/services/registered-securities/shares/lc/MAMIP,False
2026-09-22,https://web.ksei.co.id/services/registered-securities/shares?setLocale=en-US,2026-09-22T00:46:23.298883+00:00,552,MANG,MANGGUNG POLAHRAYA Tbk,"BIME1 - BIMA REGISTRA, PT",20,https://web.ksei.co.id/services/registered-securities/shares/lc/MANG,True
2026-09-22,https://web.ksei.co.id/services/registered-securities/shares?setLocale=en-US,2026-09-22T00:46:23.298883+00:00,553,MAPA,MAP AKTIF ADIPERKASA Tbk,"DAEN1 - DATINDO ENTRYCOM, PT",10,https://web.ksei.co.id/services/registered-securities/shares/lc/MAPA,True
2026-09-22,https://web.ksei.co.id/services/registered-securities/shares?setLocale=en-US,2026-09-22T00:46:23.298883+00:00,554,MAPB,MAP BOGA ADIPERKASA Tbk,"DAEN1 - DATINDO ENTRYCOM, PT",100,https://web.ksei.co.id/services/registered-securities/shares/lc/MAPB,True
2026-09-22,https://web.ksei.co.id/services/registered-securities/shares?setLocale=en-US,2026-09-22T00:46:23.298883+00:00,555,MAPI,MITRA ADIPERKASA Tbk,"DAEN1 - DATINDO ENTRYCOM, PT",50,https://web.ksei.co.id/services/registered-securities/shares/lc/MAPI,True
2026-09-22,https://web.ksei.co.id/services/registered-securities/shares?setLocale=en-US,2026-09-22T00:46:23.298883+00:00,556,MARI,MAHAKA RADIO INTEGRA Tbk,"ADTR1 - ADIMITRA JASA KORPORA, PT",10,https://web.ksei.co.id/services/registered-securities/shares/lc/MARI,True
2026-09-22,https://web.ksei.co.id/services/registered-securities/shares?setLocale=en-US,2026-09-22T00:46:23.298883+00:00,557,MARK,MARK DYNAMICS INDONESIA Tbk,"ADTR1 - ADIMITRA JASA KORPORA, PT",20,https://web.ksei.co.id/services/registered-securities/shares/lc/MARK,True
2026-09-22,https://web.ksei.co.id/services/registered-securities/shares?setLocale=en-US,2026-09-22T00:46:23.298883+00:00,558,MASA,MULTISTRADA ARAH SARANA TBK,"RISR1 - RAYA SAHAM REGISTRA, PT",140,https://web.ksei.co.id/services/registered-securities/shares/lc/MASA,True
2026-09-22,https://web.ksei.co.id/services/registered-securities/shares?setLocale=en-US,2026-09-22T00:46:23.298883+00:00,559,MASB,BANK MULTIARTA SENTOSA Tbk,"ADTR1 - ADIMITRA JASA KORPORA, PT",1000,https://web.ksei.co.id/services/registered-securities/shares/lc/MASB,True
2026-09-22,https://web.ksei.co.id/services/registered-securities/shares?setLocale=en-US,2026-09-22T00:46:23.298883+00:00,560,MAXI,MAXINDO KARYA ANUGERAH Tbk,"BIME1 - BIMA REGISTRA, PT",10,https://web.ksei.co.id/services/registered-securities/shares/lc/MAXI,True
2026-09-22,https://web.ksei.co.id/services/registered-securities/shares?setLocale=en-US,2026-09-22T00:46:23.298883+00:00,561,MAYA,BANK MAYAPADA INTERNASIONAL Tbk,"ADTR1 - ADIMITRA JASA KORPORA, PT",500,https://web.ksei.co.id/services/registered-securities/shares/lc/MAYA,True
2026-09-22,https://web.ksei.co.id/services/registered-securities/shares?setLocale=en-US,2026-09-22T00:46:23.298883+00:00,562,MBAP,MITRABARA ADIPERDANA Tbk,"DAEN1 - DATINDO ENTRYCOM, PT",100,https://web.ksei.co.id/services/registered-securities/shares/lc/MBAP,True
2026-09-22,https://web.ksei.co.id/services/registered-securities/shares?setLocale=en-US,2026-09-22T00:46:23.298883+00:00,563,MBMA,MERDEKA BATTERY MATERIALS Tbk,"DAEN1 - DATINDO ENTRYCOM, PT",100,https://web.ksei.co.id/services/registered-securities/shares/lc/MBMA,True
2026-09-22,https://web.ksei.co.id/services/registered-securities/shares?setLocale=en-US,2026-09-22T00:46:23.298883+00:00,564,MBSS,MITRABAHTERA SEGARA SEJATI Tbk,"DAEN1 - DATINDO ENTRYCOM, PT",100,https://web.ksei.co.id/services/registered-securities/shares/lc/MBSS,True
2026-09-22,https://web.ksei.co.id/services/registered-securities/shares?setLocale=en-US,2026-09-22T00:46:23.298883+00:00,565,MBTO,MARTINA BERTO Tbk,"ADTR1 - ADIMITRA JASA KORPORA, PT",100,https://web.ksei.co.id/services/registered-securities/shares/lc/MBTO,True
2026-09-22,https://web.ksei.co.id/services/registered-securities/shares?setLocale=en-US,2026-09-22T00:46:23.298883+00:00,566,MCAS,M CASH INTEGRASI Tbk,"RISR1 - RAYA SAHAM REGISTRA, PT",100,https://web.ksei.co.id/services/registered-securities/shares/lc/MCAS,True
2026-09-22,https://web.ksei.co.id/services/registered-securities/shares?setLocale=en-US,2026-09-22T00:46:23.298883+00:00,567,MCOL,PRIMA ANDALAN MANDIRI Tbk,"RISR1 - RAYA SAHAM REGISTRA, PT",100,https://web.ksei.co.id/services/registered-securities/shares/lc/MCOL,True
2026-09-22,https://web.ksei.co.id/services/registered-securities/shares?setLocale=en-US,2026-09-22T00:46:23.298883+00:00,568,MCOR,BANK CHINA CONSTRUCTION BANK INDONESIA Tbk,"SIGU1 - SINARTAMA GUNITA, PT",100,https://web.ksei.co.id/services/registered-securities/shares/lc/MCOR,True
2026-09-22,https://web.ksei.co.id/services/registered-securities/shares?setLocale=en-US,2026-09-22T00:46:23.298883+00:00,569,MDIA,INTERMEDIA CAPITAL Tbk,"SIGU1 - SINARTAMA GUNITA, PT",10,https://web.ksei.co.id/services/registered-securities/shares/lc/MDIA,True
2026-09-22,https://web.ksei.co.id/services/registered-securities/shares?setLocale=en-US,2026-09-22T00:46:23.298883+00:00,570,MDIY,DAYA INTIGUNA YASA Tbk,"DAEN1 - DATINDO ENTRYCOM, PT",25,https://web.ksei.co.id/services/registered-securities/shares/lc/MDIY,True
2026-09-22,https://web.ksei.co.id/services/registered-securities/shares?setLocale=en-US,2026-09-22T00:46:23.298883+00:00,571,MDKA,MERDEKA COPPER GOLD Tbk,"DAEN1 - DATINDO ENTRYCOM, PT",20,https://web.ksei.co.id/services/registered-securities/shares/lc/MDKA,True
2026-09-22,https://web.ksei.co.id/services/registered-securities/shares?setLocale=en-US,2026-09-22T00:46:23.298883+00:00,572,MDKI,EMDEKI UTAMA Tbk,"ADTR1 - ADIMITRA JASA KORPORA, PT",100,https://web.ksei.co.id/services/registered-securities/shares/lc/MDKI,True
2026-09-22,https://web.ksei.co.id/services/registered-securities/shares?setLocale=en-US,2026-09-22T00:46:23.298883+00:00,573,MDLA,MEDELA POTENTIA Tbk,"DAEN1 - DATINDO ENTRYCOM, PT",20,https://web.ksei.co.id/services/registered-securities/shares/lc/MDLA,True
2026-09-22,https://web.ksei.co.id/services/registered-securities/shares?setLocale=en-US,2026-09-22T00:46:23.298883+00:00,574,MDLN,MODERNLAND REALTY Tbk,"EDI01 - ELECTRONIC DATA INTERCHANGE INDONESIA, PT",250,https://web.ksei.co.id/services/registered-securities/shares/lc/MDLN,True
2026-09-22,https://web.ksei.co.id/services/registered-securities/shares?setLocale=en-US,2026-09-22T00:46:23.298883+00:00,575,MDRN,MODERN INTERNASIONAL Tbk,"EDI01 - ELECTRONIC DATA INTERCHANGE INDONESIA, PT",100,https://web.ksei.co.id/services/registered-securities/shares/lc/MDRN,True
2026-09-22,https://web.ksei.co.id/services/registered-securities/shares?setLocale=en-US,2026-09-22T00:46:23.298883+00:00,576,MEDC,MEDCO ENERGI INTERNASIONAL Tbk,"SIGU1 - SINARTAMA GUNITA, PT",25,https://web.ksei.co.id/services/registered-securities/shares/lc/MEDC,True
2026-09-22,https://web.ksei.co.id/services/registered-securities/shares?setLocale=en-US,2026-09-22T00:46:23.298883+00:00,577,MEDS,HETZER MEDICAL INDONESIA Tbk,"SIGU1 - SINARTAMA GUNITA, PT",20,https://web.ksei.co.id/services/registered-securities/shares/lc/MEDS,True
2026-09-22,https://web.ksei.co.id/services/registered-securities/shares?setLocale=en-US,2026-09-22T00:46:23.298883+00:00,578,MEGA,BANK MEGA Tbk,"DAEN1 - DATINDO ENTRYCOM, PT",500,https://web.ksei.co.id/services/registered-securities/shares/lc/MEGA,True
2026-09-22,https://web.ksei.co.id/services/registered-securities/shares?setLocale=en-US,2026-09-22T00:46:23.298883+00:00,579,MEJA,HARTA DJAYA KARYA Tbk,"ADTR1 - ADIMITRA JASA KORPORA, PT",20,https://web.ksei.co.id/services/registered-securities/shares/lc/MEJA,True
2026-09-22,https://web.ksei.co.id/services/registered-securities/shares?setLocale=en-US,2026-09-22T00:46:23.298883+00:00,580,MENN,MENN TEKNOLOGI INDONESIA Tbk,"BIME1 - BIMA REGISTRA, PT",10,https://web.ksei.co.id/services/registered-securities/shares/lc/MENN,True
2026-09-22,https://web.ksei.co.id/services/registered-securities/shares?setLocale=en-US,2026-09-22T00:46:23.298883+00:00,581,MERI,MERRY RIANA EDUKASI Tbk,"ADTR1 - ADIMITRA JASA KORPORA, PT",13,https://web.ksei.co.id/services/registered-securities/shares/lc/MERI,True
2026-09-22,https://web.ksei.co.id/services/registered-securities/shares?setLocale=en-US,2026-09-22T00:46:23.298883+00:00,582,MERK,MERCK Tbk,"EDI01 - ELECTRONIC DATA INTERCHANGE INDONESIA, PT",50,https://web.ksei.co.id/services/registered-securities/shares/lc/MERK,True
2026-09-22,https://web.ksei.co.id/services/registered-securities/shares?setLocale=en-US,2026-09-22T00:46:23.298883+00:00,583,META,NUSANTARA INFRASTRUCTURE Tbk,"ADTR1 - ADIMITRA JASA KORPORA, PT",70,https://web.ksei.co.id/services/registered-securities/shares/lc/META,True
2026-09-22,https://web.ksei.co.id/services/registered-securities/shares?setLocale=en-US,2026-09-22T00:46:23.298883+00:00,584,MFIN,MANDALA MULTIFINANCE Tbk,"SIGU1 - SINARTAMA GUNITA, PT",50,https://web.ksei.co.id/services/registered-securities/shares/lc/MFIN,True
2026-09-22,https://web.ksei.co.id/services/registered-securities/shares?setLocale=en-US,2026-09-22T00:46:23.298883+00:00,585,MFMI,MULTIFILING MITRA INDONESIA Tbk,"SHIN1 - SHARESTAR INDONESIA, PT",100,https://web.ksei.co.id/services/registered-securities/shares/lc/MFMI,True
2026-09-22,https://web.ksei.co.id/services/registered-securities/shares?setLocale=en-US,2026-09-22T00:46:23.298883+00:00,586,MGLV,NEXAI DIGITAL INFRASTRUKTUR Tbk,"ADTR1 - ADIMITRA JASA KORPORA, PT",20,https://web.ksei.co.id/services/registered-securities/shares/lc/MGLV,True
2026-09-22,https://web.ksei.co.id/services/registered-securities/shares?setLocale=en-US,2026-09-22T00:46:23.298883+00:00,587,MGNA,MAGNA INVESTAMA MANDIRI Tbk,"ADTR1 - ADIMITRA JASA KORPORA, PT",100,https://web.ksei.co.id/services/registered-securities/shares/lc/MGNA,True
2026-09-22,https://web.ksei.co.id/services/registered-securities/shares?setLocale=en-US,2026-09-22T00:46:23.298883+00:00,588,MGRO,MAHKOTA GROUP Tbk,"DAEN1 - DATINDO ENTRYCOM, PT",100,https://web.ksei.co.id/services/registered-securities/shares/lc/MGRO,True
2026-09-22,https://web.ksei.co.id/services/registered-securities/shares?setLocale=en-US,2026-09-22T00:46:23.298883+00:00,589,MHKI,MULTI HANNA KREASINDO Tbk,"SIGU1 - SINARTAMA GUNITA, PT",50,https://web.ksei.co.id/services/registered-securities/shares/lc/MHKI,True
2026-09-22,https://web.ksei.co.id/services/registered-securities/shares?setLocale=en-US,2026-09-22T00:46:23.298883+00:00,590,MICE,MULTI INDOCITRA Tbk,"ADTR1 - ADIMITRA JASA KORPORA, PT",100,https://web.ksei.co.id/services/registered-securities/shares/lc/MICE,True
2026-09-22,https://web.ksei.co.id/services/registered-securities/shares?setLocale=en-US,2026-09-22T00:46:23.298883+00:00,591,MIDI,MIDI UTAMA INDONESIA Tbk,"ADTR1 - ADIMITRA JASA KORPORA, PT",10,https://web.ksei.co.id/services/registered-securities/shares/lc/MIDI,True
2026-09-22,https://web.ksei.co.id/services/registered-securities/shares?setLocale=en-US,2026-09-22T00:46:23.298883+00:00,592,MIKA,MITRA KELUARGA KARYASEHAT Tbk,"ADTR1 - ADIMITRA JASA KORPORA, PT",10,https://web.ksei.co.id/services/registered-securities/shares/lc/MIKA,True
2026-09-22,https://web.ksei.co.id/services/registered-securities/shares?setLocale=en-US,2026-09-22T00:46:23.298883+00:00,593,MINA,SANURHASTA MITRA Tbk,"DAEN1 - DATINDO ENTRYCOM, PT",20,https://web.ksei.co.id/services/registered-securities/shares/lc/MINA,True
2026-09-22,https://web.ksei.co.id/services/registered-securities/shares?setLocale=en-US,2026-09-22T00:46:23.298883+00:00,594,MINE,SINAR TERANG MANDIRI Tbk,"ADTR1 - ADIMITRA JASA KORPORA, PT",100,https://web.ksei.co.id/services/registered-securities/shares/lc/MINE,True
2026-09-22,https://web.ksei.co.id/services/registered-securities/shares?setLocale=en-US,2026-09-22T00:46:23.298883+00:00,595,MIRA,MITRA INTERNATIONAL RESOURCES Tbk,"ADTR1 - ADIMITRA JASA KORPORA, PT",125,https://web.ksei.co.id/services/registered-securities/shares/lc/MIRA,True
2026-09-22,https://web.ksei.co.id/services/registered-securities/shares?setLocale=en-US,2026-09-22T00:46:23.298883+00:00,596,MITI,MITRA INVESTINDO Tbk,"SIGU1 - SINARTAMA GUNITA, PT",500,https://web.ksei.co.id/services/registered-securities/shares/lc/MITI,True
2026-09-22,https://web.ksei.co.id/services/registered-securities/shares?setLocale=en-US,2026-09-22T00:46:23.298883+00:00,597,MKAP,MULTIKARYA ASIA PASIFIK RAYA Tbk,"ADTR1 - ADIMITRA JASA KORPORA, PT",50,https://web.ksei.co.id/services/registered-securities/shares/lc/MKAP,True
2026-09-22,https://web.ksei.co.id/services/registered-securities/shares?setLocale=en-US,2026-09-22T00:46:23.298883+00:00,598,MKNT,MITRA KOMUNIKASI NUSANTARA Tbk,"FIBU1 - FICOMINDO BUANA REGISTRAR, PT",20,https://web.ksei.co.id/services/registered-securities/shares/lc/MKNT,True
2026-09-22,https://web.ksei.co.id/services/registered-securities/shares?setLocale=en-US,2026-09-22T00:46:23.298883+00:00,599,MKPI,METROPOLITAN KENTJANA Tbk,"RISR1 - RAYA SAHAM REGISTRA, PT",100,https://web.ksei.co.id/services/registered-securities/shares/lc/MKPI,True
2026-09-22,https://web.ksei.co.id/services/registered-securities/shares?setLocale=en-US,2026-09-22T00:46:23.298883+00:00,600,MKTR,MENTHOBI KARYATAMA RAYA Tbk,"BIME1 - BIMA REGISTRA, PT",10,https://web.ksei.co.id/services/registered-securities/shares/lc/MKTR,True
2026-09-22,https://web.ksei.co.id/services/registered-securities/shares?setLocale=en-US,2026-09-22T00:46:23.298883+00:00,601,MLBI,MULTI BINTANG INDONESIA Tbk,"RISR1 - RAYA SAHAM REGISTRA, PT",10,https://web.ksei.co.id/services/registered-securities/shares/lc/MLBI,True
2026-09-22,https://web.ksei.co.id/services/registered-securities/shares?setLocale=en-US,2026-09-22T00:46:23.298883+00:00,602,MLIA,MULIA INDUSTRINDO Tbk,"RISR1 - RAYA SAHAM REGISTRA, PT",500,https://web.ksei.co.id/services/registered-securities/shares/lc/MLIA,True
2026-09-22,https://web.ksei.co.id/services/registered-securities/shares?setLocale=en-US,2026-09-22T00:46:23.298883+00:00,603,MLPL,MULTIPOLAR Tbk,"SHIN1 - SHARESTAR INDONESIA, PT",2000,https://web.ksei.co.id/services/registered-securities/shares/lc/MLPL,True
2026-09-22,https://web.ksei.co.id/services/registered-securities/shares?setLocale=en-US,2026-09-22T00:46:23.298883+00:00,604,MLPT,MULTIPOLAR TECHNOLOGY Tbk,"SHIN1 - SHARESTAR INDONESIA, PT",100,https://web.ksei.co.id/services/registered-securities/shares/lc/MLPT,True
2026-09-22,https://web.ksei.co.id/services/registered-securities/shares?setLocale=en-US,2026-09-22T00:46:23.298883+00:00,605,MMIX,MULTI MEDIKA INTERNASIONAL Tbk,"SIGU1 - SINARTAMA GUNITA, PT",25,https://web.ksei.co.id/services/registered-securities/shares/lc/MMIX,True
2026-09-22,https://web.ksei.co.id/services/registered-securities/shares?setLocale=en-US,2026-09-22T00:46:23.298883+00:00,606,MMLP,MEGA MANUNGGAL PROPERTY Tbk,"DAEN1 - DATINDO ENTRYCOM, PT",100,https://web.ksei.co.id/services/registered-securities/shares/lc/MMLP,True
2026-09-22,https://web.ksei.co.id/services/registered-securities/shares?setLocale=en-US,2026-09-22T00:46:23.298883+00:00,607,MNCN,MEDIA NUSANTARA CITRA Tbk,BSRE1 - BSR INDONESIA PT.,100,https://web.ksei.co.id/services/registered-securities/shares/lc/MNCN,True
2026-09-22,https://web.ksei.co.id/services/registered-securities/shares?setLocale=en-US,2026-09-22T00:46:23.298883+00:00,608,MOLI,MADUSARI MURNI INDAH Tbk,"ADTR1 - ADIMITRA JASA KORPORA, PT",100,https://web.ksei.co.id/services/registered-securities/shares/lc/MOLI,True
2026-09-22,https://web.ksei.co.id/services/registered-securities/shares?setLocale=en-US,2026-09-22T00:46:23.298883+00:00,609,MORA,EKAMAS MORA REPUBLIK Tbk,"SIGU1 - SINARTAMA GUNITA, PT",100,https://web.ksei.co.id/services/registered-securities/shares/lc/MORA,True
2026-09-22,https://web.ksei.co.id/services/registered-securities/shares?setLocale=en-US,2026-09-22T00:46:23.298883+00:00,610,MPIX,MITRA PEDAGANG INDONESIA Tbk,"SIGU1 - SINARTAMA GUNITA, PT",20,https://web.ksei.co.id/services/registered-securities/shares/lc/MPIX,True
2026-09-22,https://web.ksei.co.id/services/registered-securities/shares?setLocale=en-US,2026-09-22T00:46:23.298883+00:00,611,MPMX,MITRA PINASTHIKA MUSTIKA Tbk,"DAEN1 - DATINDO ENTRYCOM, PT",500,https://web.ksei.co.id/services/registered-securities/shares/lc/MPMX,True
2026-09-22,https://web.ksei.co.id/services/registered-securities/shares?setLocale=en-US,2026-09-22T00:46:23.298883+00:00,612,MPOW,MEGAPOWER MAKMUR Tbk,"EDI01 - ELECTRONIC DATA INTERCHANGE INDONESIA, PT",100,https://web.ksei.co.id/services/registered-securities/shares/lc/MPOW,True
2026-09-22,https://web.ksei.co.id/services/registered-securities/shares?setLocale=en-US,2026-09-22T00:46:23.298883+00:00,613,MPPA,MATAHARI PUTRA PRIMA Tbk,"SHIN1 - SHARESTAR INDONESIA, PT",50,https://web.ksei.co.id/services/registered-securities/shares/lc/MPPA,True
2026-09-22,https://web.ksei.co.id/services/registered-securities/shares?setLocale=en-US,2026-09-22T00:46:23.298883+00:00,614,MPRO,MAHA PROPERTI INDONESIA Tbk,"FIBU1 - FICOMINDO BUANA REGISTRAR, PT",100,https://web.ksei.co.id/services/registered-securities/shares/lc/MPRO,True
2026-09-22,https://web.ksei.co.id/services/registered-securities/shares?setLocale=en-US,2026-09-22T00:46:23.298883+00:00,615,MPXL,MPX LOGISTICS INTERNATIONAL Tbk,"SIGU1 - SINARTAMA GUNITA, PT",25,https://web.ksei.co.id/services/registered-securities/shares/lc/MPXL,True
2026-09-22,https://web.ksei.co.id/services/registered-securities/shares?setLocale=en-US,2026-09-22T00:46:23.298883+00:00,616,MRAT,MUSTIKA RATU Tbk,"DAEN1 - DATINDO ENTRYCOM, PT",125,https://web.ksei.co.id/services/registered-securities/shares/lc/MRAT,True
2026-09-22,https://web.ksei.co.id/services/registered-securities/shares?setLocale=en-US,2026-09-22T00:46:23.298883+00:00,617,MREI,MASKAPAI REASURANSI INDONESIA Tbk,"EDI01 - ELECTRONIC DATA INTERCHANGE INDONESIA, PT",200,https://web.ksei.co.id/services/registered-securities/shares/lc/MREI,True
2026-09-22,https://web.ksei.co.id/services/registered-securities/shares?setLocale=en-US,2026-09-22T00:46:23.298883+00:00,618,MSIE,MULTISARANA INTAN EDUKA Tbk,"BIME1 - BIMA REGISTRA, PT",10,https://web.ksei.co.id/services/registered-securities/shares/lc/MSIE,True
2026-09-22,https://web.ksei.co.id/services/registered-securities/shares?setLocale=en-US,2026-09-22T00:46:23.298883+00:00,619,MSIN,MNC DIGITAL ENTERTAINMENT Tbk,BSRE1 - BSR INDONESIA PT.,10,https://web.ksei.co.id/services/registered-securities/shares/lc/MSIN,True
2026-09-22,https://web.ksei.co.id/services/registered-securities/shares?setLocale=en-US,2026-09-22T00:46:23.298883+00:00,620,MSJA,MULTI SPUNINDO JAYA Tbk,"ADTR1 - ADIMITRA JASA KORPORA, PT",100,https://web.ksei.co.id/services/registered-securities/shares/lc/MSJA,True
2026-09-22,https://web.ksei.co.id/services/registered-securities/shares?setLocale=en-US,2026-09-22T00:46:23.298883+00:00,621,MSKY,MNC SKY VISION Tbk,BSRE1 - BSR INDONESIA PT.,100,https://web.ksei.co.id/services/registered-securities/shares/lc/MSKY,True
2026-09-22,https://web.ksei.co.id/services/registered-securities/shares?setLocale=en-US,2026-09-22T00:46:23.298883+00:00,622,MSTI,MASTERSYSTEM INFOTAMA Tbk,"DAEN1 - DATINDO ENTRYCOM, PT",25,https://web.ksei.co.id/services/registered-securities/shares/lc/MSTI,True
2026-09-22,https://web.ksei.co.id/services/registered-securities/shares?setLocale=en-US,2026-09-22T00:46:23.298883+00:00,623,MTDL,METRODATA ELECTRONICS Tbk,"DAEN1 - DATINDO ENTRYCOM, PT",10,https://web.ksei.co.id/services/registered-securities/shares/lc/MTDL,True
2026-09-22,https://web.ksei.co.id/services/registered-securities/shares?setLocale=en-US,2026-09-22T00:46:23.298883+00:00,624,MTEL,DAYAMITRA TELEKOMUNIKASI Tbk,"DAEN1 - DATINDO ENTRYCOM, PT",228,https://web.ksei.co.id/services/registered-securities/shares/lc/MTEL,True
2026-09-22,https://web.ksei.co.id/services/registered-securities/shares?setLocale=en-US,2026-09-22T00:46:23.298883+00:00,625,MTFN,CAPITALINC INVESTMENT Tbk,"FIBU1 - FICOMINDO BUANA REGISTRAR, PT",10000,https://web.ksei.co.id/services/registered-securities/shares/lc/MTFN,True
2026-09-22,https://web.ksei.co.id/services/registered-securities/shares?setLocale=en-US,2026-09-22T00:46:23.298883+00:00,626,MTLA,METROPOLITAN LAND Tbk,"RISR1 - RAYA SAHAM REGISTRA, PT",100,https://web.ksei.co.id/services/registered-securities/shares/lc/MTLA,True
2026-09-22,https://web.ksei.co.id/services/registered-securities/shares?setLocale=en-US,2026-09-22T00:46:23.298883+00:00,627,MTMH,MURNI SADAR Tbk,"ADTR1 - ADIMITRA JASA KORPORA, PT",100,https://web.ksei.co.id/services/registered-securities/shares/lc/MTMH,True
2026-09-22,https://web.ksei.co.id/services/registered-securities/shares?setLocale=en-US,2026-09-22T00:46:23.298883+00:00,628,MTPS,META EPSI Tbk,"DAEN1 - DATINDO ENTRYCOM, PT",100,https://web.ksei.co.id/services/registered-securities/shares/lc/MTPS,True
2026-09-22,https://web.ksei.co.id/services/registered-securities/shares?setLocale=en-US,2026-09-22T00:46:23.298883+00:00,629,MTRA,MITRA PEMUDA Tbk,"DAEN1 - DATINDO ENTRYCOM, PT",100,https://web.ksei.co.id/services/registered-securities/shares/lc/MTRA,True
2026-09-22,https://web.ksei.co.id/services/registered-securities/shares?setLocale=en-US,2026-09-22T00:46:23.298883+00:00,630,MTSM,"METRO REALTY Tbk, PT","DAEN1 - DATINDO ENTRYCOM, PT",250,https://web.ksei.co.id/services/registered-securities/shares/lc/MTSM,True
2026-09-22,https://web.ksei.co.id/services/registered-securities/shares?setLocale=en-US,2026-09-22T00:46:23.298883+00:00,631,MTWI,MALACCA TRUST WUWUNGAN INSURANCE Tbk,"ADTR1 - ADIMITRA JASA KORPORA, PT",100,https://web.ksei.co.id/services/registered-securities/shares/lc/MTWI,True
2026-09-22,https://web.ksei.co.id/services/registered-securities/shares?setLocale=en-US,2026-09-22T00:46:23.298883+00:00,632,MUTU,MUTUAGUNG LESTARI Tbk,"ADTR1 - ADIMITRA JASA KORPORA, PT",25,https://web.ksei.co.id/services/registered-securities/shares/lc/MUTU,True
2026-09-22,https://web.ksei.co.id/services/registered-securities/shares?setLocale=en-US,2026-09-22T00:46:23.298883+00:00,633,MYOH,SAMINDO RESOURCES Tbk,"ADTR1 - ADIMITRA JASA KORPORA, PT",200,https://web.ksei.co.id/services/registered-securities/shares/lc/MYOH,True
2026-09-22,https://web.ksei.co.id/services/registered-securities/shares?setLocale=en-US,2026-09-22T00:46:23.298883+00:00,634,MYOR,MAYORA INDAH Tbk,"EDI01 - ELECTRONIC DATA INTERCHANGE INDONESIA, PT",20,https://web.ksei.co.id/services/registered-securities/shares/lc/MYOR,True
2026-09-22,https://web.ksei.co.id/services/registered-securities/shares?setLocale=en-US,2026-09-22T00:46:23.298883+00:00,635,MYRX,HANSON INTERNATIONAL Tbk,"FIBU1 - FICOMINDO BUANA REGISTRAR, PT",500,https://web.ksei.co.id/services/registered-securities/shares/lc/MYRX,True
2026-09-22,https://web.ksei.co.id/services/registered-securities/shares?setLocale=en-US,2026-09-22T00:46:23.298883+00:00,636,MYRXP,HANSON INTERNATIONAL Tbk - SERI B,"FIBU1 - FICOMINDO BUANA REGISTRAR, PT",125,https://web.ksei.co.id/services/registered-securities/shares/lc/MYRXP,False
2026-09-22,https://web.ksei.co.id/services/registered-securities/shares?setLocale=en-US,2026-09-22T00:46:23.298883+00:00,637,MYTX,ASIA PACIFIC INVESTAMA Tbk,"ADTR1 - ADIMITRA JASA KORPORA, PT",1000,https://web.ksei.co.id/services/registered-securities/shares/lc/MYTX,True
2026-09-22,https://web.ksei.co.id/services/registered-securities/shares?setLocale=en-US,2026-09-22T00:46:23.298883+00:00,638,NAIK,ADIWARNA ANUGERAH ABADI Tbk,"ADTR1 - ADIMITRA JASA KORPORA, PT",20,https://web.ksei.co.id/services/registered-securities/shares/lc/NAIK,True
2026-09-22,https://web.ksei.co.id/services/registered-securities/shares?setLocale=en-US,2026-09-22T00:46:23.298883+00:00,639,NANO,NANOTECH INDONESIA GLOBAL Tbk,"DAEN1 - DATINDO ENTRYCOM, PT",10,https://web.ksei.co.id/services/registered-securities/shares/lc/NANO,True
2026-09-22,https://web.ksei.co.id/services/registered-securities/shares?setLocale=en-US,2026-09-22T00:46:23.298883+00:00,640,NASA,ANDALAN PERKASA ABADI Tbk,"SHIN1 - SHARESTAR INDONESIA, PT",100,https://web.ksei.co.id/services/registered-securities/shares/lc/NASA,True
2026-09-22,https://web.ksei.co.id/services/registered-securities/shares?setLocale=en-US,2026-09-22T00:46:23.298883+00:00,641,NASI,WAHANA INTI MAKMUR Tbk,"ADTR1 - ADIMITRA JASA KORPORA, PT",50,https://web.ksei.co.id/services/registered-securities/shares/lc/NASI,True
2026-09-22,https://web.ksei.co.id/services/registered-securities/shares?setLocale=en-US,2026-09-22T00:46:23.298883+00:00,642,NATO,OLYMPUS STRATEGIC INDONESIA Tbk,"FIBU1 - FICOMINDO BUANA REGISTRAR, PT",100,https://web.ksei.co.id/services/registered-securities/shares/lc/NATO,True
2026-09-22,https://web.ksei.co.id/services/registered-securities/shares?setLocale=en-US,2026-09-22T00:46:23.298883+00:00,643,NAYZ,HASSANA BOGA SEJAHTERA TBK,"ADTR1 - ADIMITRA JASA KORPORA, PT",10,https://web.ksei.co.id/services/registered-securities/shares/lc/NAYZ,True
2026-09-22,https://web.ksei.co.id/services/registered-securities/shares?setLocale=en-US,2026-09-22T00:46:23.298883+00:00,644,NCKL,TRIMEGAH BANGUN PERSADA Tbk,"ADTR1 - ADIMITRA JASA KORPORA, PT",100,https://web.ksei.co.id/services/registered-securities/shares/lc/NCKL,True
2026-09-22,https://web.ksei.co.id/services/registered-securities/shares?setLocale=en-US,2026-09-22T00:46:23.298883+00:00,645,NELY,PELAYARAN NELLY DWI PUTRI Tbk,"DAEN1 - DATINDO ENTRYCOM, PT",100,https://web.ksei.co.id/services/registered-securities/shares/lc/NELY,True
2026-09-22,https://web.ksei.co.id/services/registered-securities/shares?setLocale=en-US,2026-09-22T00:46:23.298883+00:00,646,NEST,ESTA INDONESIA Tbk,"ADTR1 - ADIMITRA JASA KORPORA, PT",50,https://web.ksei.co.id/services/registered-securities/shares/lc/NEST,True
2026-09-22,https://web.ksei.co.id/services/registered-securities/shares?setLocale=en-US,2026-09-22T00:46:23.298883+00:00,647,NETV,MDTV MEDIA TECHNOLOGIES Tbk,"ADTR1 - ADIMITRA JASA KORPORA, PT",200,https://web.ksei.co.id/services/registered-securities/shares/lc/NETV,True
2026-09-22,https://web.ksei.co.id/services/registered-securities/shares?setLocale=en-US,2026-09-22T00:46:23.298883+00:00,648,NFCX,NFC INDONESIA Tbk,"RISR1 - RAYA SAHAM REGISTRA, PT",100,https://web.ksei.co.id/services/registered-securities/shares/lc/NFCX,True
2026-09-22,https://web.ksei.co.id/services/registered-securities/shares?setLocale=en-US,2026-09-22T00:46:23.298883+00:00,649,NICE,ADHI KARTIKO PRATAMA Tbk,"ADTR1 - ADIMITRA JASA KORPORA, PT",10,https://web.ksei.co.id/services/registered-securities/shares/lc/NICE,True
2026-09-22,https://web.ksei.co.id/services/registered-securities/shares?setLocale=en-US,2026-09-22T00:46:23.298883+00:00,650,NICK,CHARNIC CAPITAL Tbk,"SIGU1 - SINARTAMA GUNITA, PT",100,https://web.ksei.co.id/services/registered-securities/shares/lc/NICK,True
2026-09-22,https://web.ksei.co.id/services/registered-securities/shares?setLocale=en-US,2026-09-22T00:46:23.298883+00:00,651,NICL,PAM MINERAL Tbk,"BIME1 - BIMA REGISTRA, PT",20,https://web.ksei.co.id/services/registered-securities/shares/lc/NICL,True
2026-09-22,https://web.ksei.co.id/services/registered-securities/shares?setLocale=en-US,2026-09-22T00:46:23.298883+00:00,652,NIKL,PELAT TIMAH NUSANTARA Tbk,"DAEN1 - DATINDO ENTRYCOM, PT",100,https://web.ksei.co.id/services/registered-securities/shares/lc/NIKL,True
2026-09-22,https://web.ksei.co.id/services/registered-securities/shares?setLocale=en-US,2026-09-22T00:46:23.298883+00:00,653,NINE,TECHNO9 INDONESIA Tbk,"ADTR1 - ADIMITRA JASA KORPORA, PT",10,https://web.ksei.co.id/services/registered-securities/shares/lc/NINE,True
2026-09-22,https://web.ksei.co.id/services/registered-securities/shares?setLocale=en-US,2026-09-22T00:46:23.298883+00:00,654,NIPS,NIPRESS Tbk,"BIME1 - BIMA REGISTRA, PT",50,https://web.ksei.co.id/services/registered-securities/shares/lc/NIPS,True
2026-09-22,https://web.ksei.co.id/services/registered-securities/shares?setLocale=en-US,2026-09-22T00:46:23.298883+00:00,655,NIRO,CITY RETAIL DEVELOPMENTS Tbk,"SHIN1 - SHARESTAR INDONESIA, PT",100,https://web.ksei.co.id/services/registered-securities/shares/lc/NIRO,True
2026-09-22,https://web.ksei.co.id/services/registered-securities/shares?setLocale=en-US,2026-09-22T00:46:23.298883+00:00,656,NISP,BANK OCBC NISP Tbk,"RISR1 - RAYA SAHAM REGISTRA, PT",125,https://web.ksei.co.id/services/registered-securities/shares/lc/NISP,True
2026-09-22,https://web.ksei.co.id/services/registered-securities/shares?setLocale=en-US,2026-09-22T00:46:23.298883+00:00,657,NOBU,BANK NATIONALNOBU Tbk,"SHIN1 - SHARESTAR INDONESIA, PT",100,https://web.ksei.co.id/services/registered-securities/shares/lc/NOBU,True
2026-09-22,https://web.ksei.co.id/services/registered-securities/shares?setLocale=en-US,2026-09-22T00:46:23.298883+00:00,658,NPGF,NUSA PALAPA GEMILANG Tbk,"BIME1 - BIMA REGISTRA, PT",50,https://web.ksei.co.id/services/registered-securities/shares/lc/NPGF,True
2026-09-22,https://web.ksei.co.id/services/registered-securities/shares?setLocale=en-US,2026-09-22T00:46:23.298883+00:00,659,NRCA,NUSA RAYA CIPTA Tbk,"SIGU1 - SINARTAMA GUNITA, PT",100,https://web.ksei.co.id/services/registered-securities/shares/lc/NRCA,True
2026-09-22,https://web.ksei.co.id/services/registered-securities/shares?setLocale=en-US,2026-09-22T00:46:23.298883+00:00,660,NSSS,NUSANTARA SAWIT SEJAHTERA Tbk,"DAEN1 - DATINDO ENTRYCOM, PT",50,https://web.ksei.co.id/services/registered-securities/shares/lc/NSSS,True
2026-09-22,https://web.ksei.co.id/services/registered-securities/shares?setLocale=en-US,2026-09-22T00:46:23.298883+00:00,661,NTBK,NUSATAMA BERKAH Tbk,"BIME1 - BIMA REGISTRA, PT",10,https://web.ksei.co.id/services/registered-securities/shares/lc/NTBK,True
2026-09-22,https://web.ksei.co.id/services/registered-securities/shares?setLocale=en-US,2026-09-22T00:46:23.298883+00:00,662,NUSA,SINERGI MEGAH INTERNUSA Tbk,"FIBU1 - FICOMINDO BUANA REGISTRAR, PT",100,https://web.ksei.co.id/services/registered-securities/shares/lc/NUSA,True
2026-09-22,https://web.ksei.co.id/services/registered-securities/shares?setLocale=en-US,2026-09-22T00:46:23.298883+00:00,663,NZIA,NUSANTARA ALMAZIA Tbk,"SIGU1 - SINARTAMA GUNITA, PT",200,https://web.ksei.co.id/services/registered-securities/shares/lc/NZIA,True
2026-09-22,https://web.ksei.co.id/services/registered-securities/shares?setLocale=en-US,2026-09-22T00:46:23.298883+00:00,664,OASA,MAHARAKSA BIRU ENERGI Tbk,"SIGU1 - SINARTAMA GUNITA, PT",100,https://web.ksei.co.id/services/registered-securities/shares/lc/OASA,True
2026-09-22,https://web.ksei.co.id/services/registered-securities/shares?setLocale=en-US,2026-09-22T00:46:23.298883+00:00,665,OBAT,BRIGIT BIOFARMAKA TEKNOLOGI Tbk,"SIGU1 - SINARTAMA GUNITA, PT",50,https://web.ksei.co.id/services/registered-securities/shares/lc/OBAT,True
2026-09-22,https://web.ksei.co.id/services/registered-securities/shares?setLocale=en-US,2026-09-22T00:46:23.298883+00:00,666,OBMD,OBM DRILCHEM Tbk,"BIME1 - BIMA REGISTRA, PT",50,https://web.ksei.co.id/services/registered-securities/shares/lc/OBMD,True
2026-09-22,https://web.ksei.co.id/services/registered-securities/shares?setLocale=en-US,2026-09-22T00:46:23.298883+00:00,667,OCAP,ONIX CAPITAL Tbk,"FIBU1 - FICOMINDO BUANA REGISTRAR, PT",200,https://web.ksei.co.id/services/registered-securities/shares/lc/OCAP,True
2026-09-22,https://web.ksei.co.id/services/registered-securities/shares?setLocale=en-US,2026-09-22T00:46:23.298883+00:00,668,OILS,INDO OIL PERKASA Tbk,"BIME1 - BIMA REGISTRA, PT",100,https://web.ksei.co.id/services/registered-securities/shares/lc/OILS,True
2026-09-22,https://web.ksei.co.id/services/registered-securities/shares?setLocale=en-US,2026-09-22T00:46:23.298883+00:00,669,OKAS,ANCORA INDONESIA RESOURCES Tbk,"SIGU1 - SINARTAMA GUNITA, PT",100,https://web.ksei.co.id/services/registered-securities/shares/lc/OKAS,True
2026-09-22,https://web.ksei.co.id/services/registered-securities/shares?setLocale=en-US,2026-09-22T00:46:23.298883+00:00,670,OLIV,ATLAS NEXUS GROUP Tbk,"BIME1 - BIMA REGISTRA, PT",10,https://web.ksei.co.id/services/registered-securities/shares/lc/OLIV,True
2026-09-22,https://web.ksei.co.id/services/registered-securities/shares?setLocale=en-US,2026-09-22T00:46:23.298883+00:00,671,OMED,JAYAMAS MEDICA INDUSTRI Tbk,"DAEN1 - DATINDO ENTRYCOM, PT",25,https://web.ksei.co.id/services/registered-securities/shares/lc/OMED,True
2026-09-22,https://web.ksei.co.id/services/registered-securities/shares?setLocale=en-US,2026-09-22T00:46:23.298883+00:00,672,OMRE,INDONESIA PRIMA PROPERTY Tbk,"DAEN1 - DATINDO ENTRYCOM, PT",1000,https://web.ksei.co.id/services/registered-securities/shares/lc/OMRE,True
2026-09-22,https://web.ksei.co.id/services/registered-securities/shares?setLocale=en-US,2026-09-22T00:46:23.298883+00:00,673,OPMS,OPTIMA PRIMA METAL SINERGI Tbk,"SIGU1 - SINARTAMA GUNITA, PT",100,https://web.ksei.co.id/services/registered-securities/shares/lc/OPMS,True
2026-09-22,https://web.ksei.co.id/services/registered-securities/shares?setLocale=en-US,2026-09-22T00:46:23.298883+00:00,674,PACK,ABADI NUSANTARA HIJAU INVESTAMA Tbk,"ADTR1 - ADIMITRA JASA KORPORA, PT",10,https://web.ksei.co.id/services/registered-securities/shares/lc/PACK,True
2026-09-22,https://web.ksei.co.id/services/registered-securities/shares?setLocale=en-US,2026-09-22T00:46:23.298883+00:00,675,PADA,PERSONEL ALIH DAYA Tbk,"ADTR1 - ADIMITRA JASA KORPORA, PT",20,https://web.ksei.co.id/services/registered-securities/shares/lc/PADA,True
2026-09-22,https://web.ksei.co.id/services/registered-securities/shares?setLocale=en-US,2026-09-22T00:46:23.298883+00:00,676,PADI,MINNA PADI INVESTAMA SEKURITAS Tbk,"ADTR1 - ADIMITRA JASA KORPORA, PT",100,https://web.ksei.co.id/services/registered-securities/shares/lc/PADI,True
2026-09-22,https://web.ksei.co.id/services/registered-securities/shares?setLocale=en-US,2026-09-22T00:46:23.298883+00:00,677,PAFI,PANASIA FILAMENT INTI Tbk,"ADTR1 - ADIMITRA JASA KORPORA, PT",500,https://web.ksei.co.id/services/registered-securities/shares/lc/PAFI,True
2026-09-22,https://web.ksei.co.id/services/registered-securities/shares?setLocale=en-US,2026-09-22T00:46:23.298883+00:00,678,PALM,PROVIDENT INVESTASI BERSAMA Tbk,"DAEN1 - DATINDO ENTRYCOM, PT",100,https://web.ksei.co.id/services/registered-securities/shares/lc/PALM,True
2026-09-22,https://web.ksei.co.id/services/registered-securities/shares?setLocale=en-US,2026-09-22T00:46:23.298883+00:00,679,PAMG,BIMA SAKTI PERTIWI Tbk,"BIME1 - BIMA REGISTRA, PT",20,https://web.ksei.co.id/services/registered-securities/shares/lc/PAMG,True
2026-09-22,https://web.ksei.co.id/services/registered-securities/shares?setLocale=en-US,2026-09-22T00:46:23.298883+00:00,680,PANI,PANTAI INDAH KAPUK DUA Tbk,"ADTR1 - ADIMITRA JASA KORPORA, PT",100,https://web.ksei.co.id/services/registered-securities/shares/lc/PANI,True
2026-09-22,https://web.ksei.co.id/services/registered-securities/shares?setLocale=en-US,2026-09-22T00:46:23.298883+00:00,681,PANR,PANORAMA SENTRAWISATA Tbk,"RISR1 - RAYA SAHAM REGISTRA, PT",50,https://web.ksei.co.id/services/registered-securities/shares/lc/PANR,True
2026-09-22,https://web.ksei.co.id/services/registered-securities/shares?setLocale=en-US,2026-09-22T00:46:23.298883+00:00,682,PANS,PANIN SEKURITAS Tbk,"SIGU1 - SINARTAMA GUNITA, PT",125,https://web.ksei.co.id/services/registered-securities/shares/lc/PANS,True
2026-09-22,https://web.ksei.co.id/services/registered-securities/shares?setLocale=en-US,2026-09-22T00:46:23.298883+00:00,683,PART,CIPTA PERDANA LANCAR Tbk,"BIME1 - BIMA REGISTRA, PT",25,https://web.ksei.co.id/services/registered-securities/shares/lc/PART,True
2026-09-22,https://web.ksei.co.id/services/registered-securities/shares?setLocale=en-US,2026-09-22T00:46:23.298883+00:00,684,PBID,PANCA BUDI IDAMAN Tbk,"DAEN1 - DATINDO ENTRYCOM, PT",25,https://web.ksei.co.id/services/registered-securities/shares/lc/PBID,True
2026-09-22,https://web.ksei.co.id/services/registered-securities/shares?setLocale=en-US,2026-09-22T00:46:23.298883+00:00,685,PBRX,PAN BROTHERS Tbk,"DAEN1 - DATINDO ENTRYCOM, PT",25,https://web.ksei.co.id/services/registered-securities/shares/lc/PBRX,True
2026-09-22,https://web.ksei.co.id/services/registered-securities/shares?setLocale=en-US,2026-09-22T00:46:23.298883+00:00,686,PBSA,PARAMITA BANGUN SARANA Tbk,"SIGU1 - SINARTAMA GUNITA, PT",50,https://web.ksei.co.id/services/registered-securities/shares/lc/PBSA,True
2026-09-22,https://web.ksei.co.id/services/registered-securities/shares?setLocale=en-US,2026-09-22T00:46:23.298883+00:00,687,PCAR,PRIMA CAKRAWALA ABADI Tbk,"FIBU1 - FICOMINDO BUANA REGISTRAR, PT",100,https://web.ksei.co.id/services/registered-securities/shares/lc/PCAR,True
2026-09-22,https://web.ksei.co.id/services/registered-securities/shares?setLocale=en-US,2026-09-22T00:46:23.298883+00:00,688,PDES,DESTINASI TIRTA NUSANTARA Tbk,"RISR1 - RAYA SAHAM REGISTRA, PT",100,https://web.ksei.co.id/services/registered-securities/shares/lc/PDES,True
2026-09-22,https://web.ksei.co.id/services/registered-securities/shares?setLocale=en-US,2026-09-22T00:46:23.298883+00:00,689,PDPP,PRIMADAYA PLASTISINDO Tbk,"SIGU1 - SINARTAMA GUNITA, PT",100,https://web.ksei.co.id/services/registered-securities/shares/lc/PDPP,True
2026-09-22,https://web.ksei.co.id/services/registered-securities/shares?setLocale=en-US,2026-09-22T00:46:23.298883+00:00,690,PEGE,PANCA GLOBAL KAPITAL Tbk,"FIBU1 - FICOMINDO BUANA REGISTRAR, PT",100,https://web.ksei.co.id/services/registered-securities/shares/lc/PEGE,True
2026-09-22,https://web.ksei.co.id/services/registered-securities/shares?setLocale=en-US,2026-09-22T00:46:23.298883+00:00,691,PEHA,PHAPROS Tbk,"DAEN1 - DATINDO ENTRYCOM, PT",100,https://web.ksei.co.id/services/registered-securities/shares/lc/PEHA,True
2026-09-22,https://web.ksei.co.id/services/registered-securities/shares?setLocale=en-US,2026-09-22T00:46:23.298883+00:00,692,PEVE,PENTA VALENT Tbk,"BIME1 - BIMA REGISTRA, PT",20,https://web.ksei.co.id/services/registered-securities/shares/lc/PEVE,True
2026-09-22,https://web.ksei.co.id/services/registered-securities/shares?setLocale=en-US,2026-09-22T00:46:23.298883+00:00,693,PGAS,PERUSAHAAN GAS NEGARA (PERSERO) Tbk,"DAEN1 - DATINDO ENTRYCOM, PT",100,https://web.ksei.co.id/services/registered-securities/shares/lc/PGAS,True
2026-09-22,https://web.ksei.co.id/services/registered-securities/shares?setLocale=en-US,2026-09-22T00:46:23.298883+00:00,694,PGEO,PERTAMINA GEOTHERMAL ENERGY Tbk,"DAEN1 - DATINDO ENTRYCOM, PT",500,https://web.ksei.co.id/services/registered-securities/shares/lc/PGEO,True
2026-09-22,https://web.ksei.co.id/services/registered-securities/shares?setLocale=en-US,2026-09-22T00:46:23.298883+00:00,695,PGJO,BAHTERA BUMI RAYA Tbk,"ADTR1 - ADIMITRA JASA KORPORA, PT",80,https://web.ksei.co.id/services/registered-securities/shares/lc/PGJO,True
2026-09-22,https://web.ksei.co.id/services/registered-securities/shares?setLocale=en-US,2026-09-22T00:46:23.298883+00:00,696,PGLI,PEMBANGUNAN GRAHA LESTARI INDAH Tbk,"ADTR1 - ADIMITRA JASA KORPORA, PT",100,https://web.ksei.co.id/services/registered-securities/shares/lc/PGLI,True
2026-09-22,https://web.ksei.co.id/services/registered-securities/shares?setLocale=en-US,2026-09-22T00:46:23.298883+00:00,697,PGUN,PRADIKSI GUNATAMA Tbk,"ADTR1 - ADIMITRA JASA KORPORA, PT",100,https://web.ksei.co.id/services/registered-securities/shares/lc/PGUN,True
2026-09-22,https://web.ksei.co.id/services/registered-securities/shares?setLocale=en-US,2026-09-22T00:46:23.298883+00:00,698,PICO,PELANGI INDAH CANINDO Tbk,"FIBU1 - FICOMINDO BUANA REGISTRAR, PT",500,https://web.ksei.co.id/services/registered-securities/shares/lc/PICO,True
2026-09-22,https://web.ksei.co.id/services/registered-securities/shares?setLocale=en-US,2026-09-22T00:46:23.298883+00:00,699,PIPA,MULTI MAKMUR LEMINDO Tbk,"BIME1 - BIMA REGISTRA, PT",20,https://web.ksei.co.id/services/registered-securities/shares/lc/PIPA,True
2026-09-22,https://web.ksei.co.id/services/registered-securities/shares?setLocale=en-US,2026-09-22T00:46:23.298883+00:00,700,PJAA,PEMBANGUNAN JAYA ANCOL Tbk,"ADTR1 - ADIMITRA JASA KORPORA, PT",250,https://web.ksei.co.id/services/registered-securities/shares/lc/PJAA,True
2026-09-22,https://web.ksei.co.id/services/registered-securities/shares?setLocale=en-US,2026-09-22T00:46:23.298883+00:00,701,PJHB,PELAYARAN JAYA HIDUP BARU Tbk,"SIGU1 - SINARTAMA GUNITA, PT",50,https://web.ksei.co.id/services/registered-securities/shares/lc/PJHB,True
2026-09-22,https://web.ksei.co.id/services/registered-securities/shares?setLocale=en-US,2026-09-22T00:46:23.298883+00:00,702,PKPK,PARAGON KARYA PERKASA Tbk,"RISR1 - RAYA SAHAM REGISTRA, PT",200,https://web.ksei.co.id/services/registered-securities/shares/lc/PKPK,True
2026-09-22,https://web.ksei.co.id/services/registered-securities/shares?setLocale=en-US,2026-09-22T00:46:23.298883+00:00,703,PLAN,PLANET PROPERINDO JAYA Tbk,"ADTR1 - ADIMITRA JASA KORPORA, PT",80,https://web.ksei.co.id/services/registered-securities/shares/lc/PLAN,True
2026-09-22,https://web.ksei.co.id/services/registered-securities/shares?setLocale=en-US,2026-09-22T00:46:23.298883+00:00,704,PLAS,POLARIS INVESTAMA TBK,"SHIN1 - SHARESTAR INDONESIA, PT",1000,https://web.ksei.co.id/services/registered-securities/shares/lc/PLAS,True
2026-09-22,https://web.ksei.co.id/services/registered-securities/shares?setLocale=en-US,2026-09-22T00:46:23.298883+00:00,705,PLIN,PLAZA INDONESIA REALTY Tbk,"SIGU1 - SINARTAMA GUNITA, PT",200,https://web.ksei.co.id/services/registered-securities/shares/lc/PLIN,True
2026-09-22,https://web.ksei.co.id/services/registered-securities/shares?setLocale=en-US,2026-09-22T00:46:23.298883+00:00,706,PMJS,PUTRA MANDIRI JEMBAR Tbk,"SHIN1 - SHARESTAR INDONESIA, PT",50,https://web.ksei.co.id/services/registered-securities/shares/lc/PMJS,True
2026-09-22,https://web.ksei.co.id/services/registered-securities/shares?setLocale=en-US,2026-09-22T00:46:23.298883+00:00,707,PMMP,PANCA MITRA MULTIPERDANA Tbk,"SIGU1 - SINARTAMA GUNITA, PT",100,https://web.ksei.co.id/services/registered-securities/shares/lc/PMMP,True
2026-09-22,https://web.ksei.co.id/services/registered-securities/shares?setLocale=en-US,2026-09-22T00:46:23.298883+00:00,708,PMUI,PRIMA MULTI USAHA INDONESIA Tbk,"ADTR1 - ADIMITRA JASA KORPORA, PT",50,https://web.ksei.co.id/services/registered-securities/shares/lc/PMUI,True
2026-09-22,https://web.ksei.co.id/services/registered-securities/shares?setLocale=en-US,2026-09-22T00:46:23.298883+00:00,709,PNBN,BANK PAN INDONESIA Tbk,"RISR1 - RAYA SAHAM REGISTRA, PT",100,https://web.ksei.co.id/services/registered-securities/shares/lc/PNBN,True
2026-09-22,https://web.ksei.co.id/services/registered-securities/shares?setLocale=en-US,2026-09-22T00:46:23.298883+00:00,710,PNBS,BANK PANIN DUBAI SYARIAH Tbk,"RISR1 - RAYA SAHAM REGISTRA, PT",100,https://web.ksei.co.id/services/registered-securities/shares/lc/PNBS,True
2026-09-22,https://web.ksei.co.id/services/registered-securities/shares?setLocale=en-US,2026-09-22T00:46:23.298883+00:00,711,PNGO,PINAGO UTAMA Tbk,"ADTR1 - ADIMITRA JASA KORPORA, PT",80,https://web.ksei.co.id/services/registered-securities/shares/lc/PNGO,True
2026-09-22,https://web.ksei.co.id/services/registered-securities/shares?setLocale=en-US,2026-09-22T00:46:23.298883+00:00,712,PNIN,PANINVEST Tbk,"SIGU1 - SINARTAMA GUNITA, PT",250,https://web.ksei.co.id/services/registered-securities/shares/lc/PNIN,True
2026-09-22,https://web.ksei.co.id/services/registered-securities/shares?setLocale=en-US,2026-09-22T00:46:23.298883+00:00,713,PNLF,PANIN FINANCIAL Tbk,"SIGU1 - SINARTAMA GUNITA, PT",125,https://web.ksei.co.id/services/registered-securities/shares/lc/PNLF,True
2026-09-22,https://web.ksei.co.id/services/registered-securities/shares?setLocale=en-US,2026-09-22T00:46:23.298883+00:00,714,PNSE,PUDJIADI AND SONS Tbk,"EDI01 - ELECTRONIC DATA INTERCHANGE INDONESIA, PT",100,https://web.ksei.co.id/services/registered-securities/shares/lc/PNSE,True
2026-09-22,https://web.ksei.co.id/services/registered-securities/shares?setLocale=en-US,2026-09-22T00:46:23.298883+00:00,715,POLA,POOL ADVISTA FINANCE Tbk,"FIBU1 - FICOMINDO BUANA REGISTRAR, PT",100,https://web.ksei.co.id/services/registered-securities/shares/lc/POLA,True
2026-09-22,https://web.ksei.co.id/services/registered-securities/shares?setLocale=en-US,2026-09-22T00:46:23.298883+00:00,716,POLI,POLLUX HOTELS GROUP Tbk,"DAEN1 - DATINDO ENTRYCOM, PT",100,https://web.ksei.co.id/services/registered-securities/shares/lc/POLI,True
2026-09-22,https://web.ksei.co.id/services/registered-securities/shares?setLocale=en-US,2026-09-22T00:46:23.298883+00:00,717,POLL,POLLUX PROPERTIES INDONESIA Tbk,"DAEN1 - DATINDO ENTRYCOM, PT",100,https://web.ksei.co.id/services/registered-securities/shares/lc/POLL,True
2026-09-22,https://web.ksei.co.id/services/registered-securities/shares?setLocale=en-US,2026-09-22T00:46:23.298883+00:00,718,POLU,GOLDEN FLOWER Tbk,"DAEN1 - DATINDO ENTRYCOM, PT",100,https://web.ksei.co.id/services/registered-securities/shares/lc/POLU,True
2026-09-22,https://web.ksei.co.id/services/registered-securities/shares?setLocale=en-US,2026-09-22T00:46:23.298883+00:00,719,POLY,ASIA PACIFIC FIBERS Tbk,"DAEN1 - DATINDO ENTRYCOM, PT",10000,https://web.ksei.co.id/services/registered-securities/shares/lc/POLY,True
2026-09-22,https://web.ksei.co.id/services/registered-securities/shares?setLocale=en-US,2026-09-22T00:46:23.298883+00:00,720,POOL,POOL ADVISTA INDONESIA Tbk,"ADTR1 - ADIMITRA JASA KORPORA, PT",250,https://web.ksei.co.id/services/registered-securities/shares/lc/POOL,True
2026-09-22,https://web.ksei.co.id/services/registered-securities/shares?setLocale=en-US,2026-09-22T00:46:23.298883+00:00,721,PORT,NUSANTARA PELABUHAN HANDAL Tbk,"DAEN1 - DATINDO ENTRYCOM, PT",100,https://web.ksei.co.id/services/registered-securities/shares/lc/PORT,True
2026-09-22,https://web.ksei.co.id/services/registered-securities/shares?setLocale=en-US,2026-09-22T00:46:23.298883+00:00,722,POSA,BLISS PROPERTI INDONESIA Tbk,"FIBU1 - FICOMINDO BUANA REGISTRAR, PT",100,https://web.ksei.co.id/services/registered-securities/shares/lc/POSA,True
2026-09-22,https://web.ksei.co.id/services/registered-securities/shares?setLocale=en-US,2026-09-22T00:46:23.298883+00:00,723,POWR,CIKARANG LISTRINDO Tbk,"DAEN1 - DATINDO ENTRYCOM, PT",200,https://web.ksei.co.id/services/registered-securities/shares/lc/POWR,True
2026-09-22,https://web.ksei.co.id/services/registered-securities/shares?setLocale=en-US,2026-09-22T00:46:23.298883+00:00,724,PPGL,PRIMA GLOBALINDO LOGISTIK Tbk,"ADTR1 - ADIMITRA JASA KORPORA, PT",22,https://web.ksei.co.id/services/registered-securities/shares/lc/PPGL,True
2026-09-22,https://web.ksei.co.id/services/registered-securities/shares?setLocale=en-US,2026-09-22T00:46:23.298883+00:00,725,PPRE,PP PRESISI Tbk,"DAEN1 - DATINDO ENTRYCOM, PT",100,https://web.ksei.co.id/services/registered-securities/shares/lc/PPRE,True
2026-09-22,https://web.ksei.co.id/services/registered-securities/shares?setLocale=en-US,2026-09-22T00:46:23.298883+00:00,726,PPRI,PAPEROCKS INDONESIA Tbk,"ADTR1 - ADIMITRA JASA KORPORA, PT",50,https://web.ksei.co.id/services/registered-securities/shares/lc/PPRI,True
2026-09-22,https://web.ksei.co.id/services/registered-securities/shares?setLocale=en-US,2026-09-22T00:46:23.298883+00:00,727,PPRO,PP Properti Tbk,BSRE1 - BSR INDONESIA PT.,100,https://web.ksei.co.id/services/registered-securities/shares/lc/PPRO,True
2026-09-22,https://web.ksei.co.id/services/registered-securities/shares?setLocale=en-US,2026-09-22T00:46:23.298883+00:00,728,PRAS,PRIMA ALLOY STEEL UNIVERSAL Tbk,"PRAS2 - REGISTRAR FOR PRIMA ALLOY STEEL UNIVERSAL Tbk, PT",100,https://web.ksei.co.id/services/registered-securities/shares/lc/PRAS,True
2026-09-22,https://web.ksei.co.id/services/registered-securities/shares?setLocale=en-US,2026-09-22T00:46:23.298883+00:00,729,PRAY,FAMON AWAL BROS SEDAYA Tbk,"DAEN1 - DATINDO ENTRYCOM, PT",10,https://web.ksei.co.id/services/registered-securities/shares/lc/PRAY,True
2026-09-22,https://web.ksei.co.id/services/registered-securities/shares?setLocale=en-US,2026-09-22T00:46:23.298883+00:00,730,PRDA,PRODIA WIDYAHUSADA Tbk,"DAEN1 - DATINDO ENTRYCOM, PT",100,https://web.ksei.co.id/services/registered-securities/shares/lc/PRDA,True
2026-09-22,https://web.ksei.co.id/services/registered-securities/shares?setLocale=en-US,2026-09-22T00:46:23.298883+00:00,731,PRDL,PRODIA DIAGNOSTIC LINE Tbk,"ADTR1 - ADIMITRA JASA KORPORA, PT",50,https://web.ksei.co.id/services/registered-securities/shares/lc/PRDL,True
2026-09-22,https://web.ksei.co.id/services/registered-securities/shares?setLocale=en-US,2026-09-22T00:46:23.298883+00:00,732,PSAB,J RESOURCES ASIA PASIFIK Tbk,"ADTR1 - ADIMITRA JASA KORPORA, PT",100,https://web.ksei.co.id/services/registered-securities/shares/lc/PSAB,True
2026-09-22,https://web.ksei.co.id/services/registered-securities/shares?setLocale=en-US,2026-09-22T00:46:23.298883+00:00,733,PSAT,PANCARAN SAMUDERA TRANSPORT Tbk,"ADTR1 - ADIMITRA JASA KORPORA, PT",800,https://web.ksei.co.id/services/registered-securities/shares/lc/PSAT,True
2026-09-22,https://web.ksei.co.id/services/registered-securities/shares?setLocale=en-US,2026-09-22T00:46:23.298883+00:00,734,PSDN,PRASIDHA ANEKA NIAGA Tbk,"RISR1 - RAYA SAHAM REGISTRA, PT",500,https://web.ksei.co.id/services/registered-securities/shares/lc/PSDN,True
2026-09-22,https://web.ksei.co.id/services/registered-securities/shares?setLocale=en-US,2026-09-22T00:46:23.298883+00:00,735,PSGO,PALMA SERASIH Tbk,"DAEN1 - DATINDO ENTRYCOM, PT",100,https://web.ksei.co.id/services/registered-securities/shares/lc/PSGO,True
2026-09-22,https://web.ksei.co.id/services/registered-securities/shares?setLocale=en-US,2026-09-22T00:46:23.298883+00:00,736,PSKT,RED PLANET INDONESIA Tbk,"RISR1 - RAYA SAHAM REGISTRA, PT",100,https://web.ksei.co.id/services/registered-securities/shares/lc/PSKT,True
2026-09-22,https://web.ksei.co.id/services/registered-securities/shares?setLocale=en-US,2026-09-22T00:46:23.298883+00:00,737,PSSI,IMC PELITA LOGISTIK Tbk,"DAEN1 - DATINDO ENTRYCOM, PT",100,https://web.ksei.co.id/services/registered-securities/shares/lc/PSSI,True
2026-09-22,https://web.ksei.co.id/services/registered-securities/shares?setLocale=en-US,2026-09-22T00:46:23.298883+00:00,738,PTBA,BUKIT ASAM (PERSERO) Tbk,"DAEN1 - DATINDO ENTRYCOM, PT",100,https://web.ksei.co.id/services/registered-securities/shares/lc/PTBA,True
2026-09-22,https://web.ksei.co.id/services/registered-securities/shares?setLocale=en-US,2026-09-22T00:46:23.298883+00:00,739,PTDU,DJASA UBERSAKTI Tbk,"ADTR1 - ADIMITRA JASA KORPORA, PT",50,https://web.ksei.co.id/services/registered-securities/shares/lc/PTDU,True
2026-09-22,https://web.ksei.co.id/services/registered-securities/shares?setLocale=en-US,2026-09-22T00:46:23.298883+00:00,740,PTIS,INDO STRAITS Tbk,"SIGU1 - SINARTAMA GUNITA, PT",100,https://web.ksei.co.id/services/registered-securities/shares/lc/PTIS,True
2026-09-22,https://web.ksei.co.id/services/registered-securities/shares?setLocale=en-US,2026-09-22T00:46:23.298883+00:00,741,PTMP,MITRA PACK Tbk,"ADTR1 - ADIMITRA JASA KORPORA, PT",25,https://web.ksei.co.id/services/registered-securities/shares/lc/PTMP,True
2026-09-22,https://web.ksei.co.id/services/registered-securities/shares?setLocale=en-US,2026-09-22T00:46:23.298883+00:00,742,PTMR,MASTER PRINT Tbk,"ADTR1 - ADIMITRA JASA KORPORA, PT",25,https://web.ksei.co.id/services/registered-securities/shares/lc/PTMR,True
2026-09-22,https://web.ksei.co.id/services/registered-securities/shares?setLocale=en-US,2026-09-22T00:46:23.298883+00:00,743,PTPP,PP (PERSERO) Tbk,BSRE1 - BSR INDONESIA PT.,100,https://web.ksei.co.id/services/registered-securities/shares/lc/PTPP,True
2026-09-22,https://web.ksei.co.id/services/registered-securities/shares?setLocale=en-US,2026-09-22T00:46:23.298883+00:00,744,PTPS,PULAU SUBUR Tbk,"SHIN1 - SHARESTAR INDONESIA, PT",20,https://web.ksei.co.id/services/registered-securities/shares/lc/PTPS,True
2026-09-22,https://web.ksei.co.id/services/registered-securities/shares?setLocale=en-US,2026-09-22T00:46:23.298883+00:00,745,PTPW,PRATAMA WIDYA Tbk,"ADTR1 - ADIMITRA JASA KORPORA, PT",100,https://web.ksei.co.id/services/registered-securities/shares/lc/PTPW,True
2026-09-22,https://web.ksei.co.id/services/registered-securities/shares?setLocale=en-US,2026-09-22T00:46:23.298883+00:00,746,PTRO,PETROSEA Tbk,"DAEN1 - DATINDO ENTRYCOM, PT",50,https://web.ksei.co.id/services/registered-securities/shares/lc/PTRO,True
2026-09-22,https://web.ksei.co.id/services/registered-securities/shares?setLocale=en-US,2026-09-22T00:46:23.298883+00:00,747,PTSN,SAT NUSAPERSADA Tbk,"RISR1 - RAYA SAHAM REGISTRA, PT",50,https://web.ksei.co.id/services/registered-securities/shares/lc/PTSN,True
2026-09-22,https://web.ksei.co.id/services/registered-securities/shares?setLocale=en-US,2026-09-22T00:46:23.298883+00:00,748,PTSP,PIONEERINDO GOURMET INTERNATIONAL Tbk,"EDI01 - ELECTRONIC DATA INTERCHANGE INDONESIA, PT",500,https://web.ksei.co.id/services/registered-securities/shares/lc/PTSP,True
2026-09-22,https://web.ksei.co.id/services/registered-securities/shares?setLocale=en-US,2026-09-22T00:46:23.298883+00:00,749,PUDP,PUDJIADI PRESTIGE Tbk,"EDI01 - ELECTRONIC DATA INTERCHANGE INDONESIA, PT",250,https://web.ksei.co.id/services/registered-securities/shares/lc/PUDP,True
2026-09-22,https://web.ksei.co.id/services/registered-securities/shares?setLocale=en-US,2026-09-22T00:46:23.298883+00:00,750,PURA,PUTRA RAJAWALI KENCANA Tbk,"BIME1 - BIMA REGISTRA, PT",50,https://web.ksei.co.id/services/registered-securities/shares/lc/PURA,True
2026-09-22,https://web.ksei.co.id/services/registered-securities/shares?setLocale=en-US,2026-09-22T00:46:23.298883+00:00,751,PURE,TRINITAN METALS AND MINERALS Tbk,"BIME1 - BIMA REGISTRA, PT",100,https://web.ksei.co.id/services/registered-securities/shares/lc/PURE,True
2026-09-22,https://web.ksei.co.id/services/registered-securities/shares?setLocale=en-US,2026-09-22T00:46:23.298883+00:00,752,PURI,PURI GLOBAL SUKSES Tbk,"ADTR1 - ADIMITRA JASA KORPORA, PT",50,https://web.ksei.co.id/services/registered-securities/shares/lc/PURI,True
2026-09-22,https://web.ksei.co.id/services/registered-securities/shares?setLocale=en-US,2026-09-22T00:46:23.298883+00:00,753,PWON,PAKUWON JATI Tbk,"ADTR1 - ADIMITRA JASA KORPORA, PT",25,https://web.ksei.co.id/services/registered-securities/shares/lc/PWON,True
2026-09-22,https://web.ksei.co.id/services/registered-securities/shares?setLocale=en-US,2026-09-22T00:46:23.298883+00:00,754,PYFA,PYRIDAM FARMA Tbk,"SIGU1 - SINARTAMA GUNITA, PT",100,https://web.ksei.co.id/services/registered-securities/shares/lc/PYFA,True
2026-09-22,https://web.ksei.co.id/services/registered-securities/shares?setLocale=en-US,2026-09-22T00:46:23.298883+00:00,755,PZZA,SARIMELATI KENCANA Tbk,"DAEN1 - DATINDO ENTRYCOM, PT",100,https://web.ksei.co.id/services/registered-securities/shares/lc/PZZA,True
2026-09-22,https://web.ksei.co.id/services/registered-securities/shares?setLocale=en-US,2026-09-22T00:46:23.298883+00:00,756,RAAM,TRIPAR MULTIVSION PLUS Tbk,"DAEN1 - DATINDO ENTRYCOM, PT",60,https://web.ksei.co.id/services/registered-securities/shares/lc/RAAM,True
2026-09-22,https://web.ksei.co.id/services/registered-securities/shares?setLocale=en-US,2026-09-22T00:46:23.298883+00:00,757,RAFI,SARI KREASI BOGA Tbk,"ADTR1 - ADIMITRA JASA KORPORA, PT",15,https://web.ksei.co.id/services/registered-securities/shares/lc/RAFI,True
2026-09-22,https://web.ksei.co.id/services/registered-securities/shares?setLocale=en-US,2026-09-22T00:46:23.298883+00:00,758,RAJA,RUKUN RAHARJA Tbk,"FIBU1 - FICOMINDO BUANA REGISTRAR, PT",25,https://web.ksei.co.id/services/registered-securities/shares/lc/RAJA,True
2026-09-22,https://web.ksei.co.id/services/registered-securities/shares?setLocale=en-US,2026-09-22T00:46:23.298883+00:00,759,RALS,RAMAYANA LESTARI SENTOSA Tbk,"SIGU1 - SINARTAMA GUNITA, PT",50,https://web.ksei.co.id/services/registered-securities/shares/lc/RALS,True
2026-09-22,https://web.ksei.co.id/services/registered-securities/shares?setLocale=en-US,2026-09-22T00:46:23.298883+00:00,760,RANC,SUPRA BOGA LESTARI Tbk,"ADTR1 - ADIMITRA JASA KORPORA, PT",100,https://web.ksei.co.id/services/registered-securities/shares/lc/RANC,True
2026-09-22,https://web.ksei.co.id/services/registered-securities/shares?setLocale=en-US,2026-09-22T00:46:23.298883+00:00,761,RANS,RANS ENTERTAINMEN INDONESIA Tbk,"ADTR1 - ADIMITRA JASA KORPORA, PT",10,https://web.ksei.co.id/services/registered-securities/shares/lc/RANS,True
2026-09-22,https://web.ksei.co.id/services/registered-securities/shares?setLocale=en-US,2026-09-22T00:46:23.298883+00:00,762,RATU,RAHARJA ENERGI CEPU Tbk,"FIBU1 - FICOMINDO BUANA REGISTRAR, PT",10,https://web.ksei.co.id/services/registered-securities/shares/lc/RATU,True
2026-09-22,https://web.ksei.co.id/services/registered-securities/shares?setLocale=en-US,2026-09-22T00:46:23.298883+00:00,763,RBMS,RISTIA BINTANG MAHKOTASEJATI Tbk,"SIGU1 - SINARTAMA GUNITA, PT",500,https://web.ksei.co.id/services/registered-securities/shares/lc/RBMS,True
2026-09-22,https://web.ksei.co.id/services/registered-securities/shares?setLocale=en-US,2026-09-22T00:46:23.298883+00:00,764,RCCC,UTAMA RADAR CAHAYA Tbk,"BIME1 - BIMA REGISTRA, PT",25,https://web.ksei.co.id/services/registered-securities/shares/lc/RCCC,True
2026-09-22,https://web.ksei.co.id/services/registered-securities/shares?setLocale=en-US,2026-09-22T00:46:23.298883+00:00,765,RDTX,RODA VIVATEX Tbk,"BIME1 - BIMA REGISTRA, PT",500,https://web.ksei.co.id/services/registered-securities/shares/lc/RDTX,True
2026-09-22,https://web.ksei.co.id/services/registered-securities/shares?setLocale=en-US,2026-09-22T00:46:23.298883+00:00,766,REAL,REPOWER ASIA INDONESIA Tbk,"BIME1 - BIMA REGISTRA, PT",25,https://web.ksei.co.id/services/registered-securities/shares/lc/REAL,True
2026-09-22,https://web.ksei.co.id/services/registered-securities/shares?setLocale=en-US,2026-09-22T00:46:23.298883+00:00,767,RELF,GRAHA MITRA ASIA Tbk,"ADTR1 - ADIMITRA JASA KORPORA, PT",25,https://web.ksei.co.id/services/registered-securities/shares/lc/RELF,True
2026-09-22,https://web.ksei.co.id/services/registered-securities/shares?setLocale=en-US,2026-09-22T00:46:23.298883+00:00,768,RELI,RELIANCE SEKURITAS INDONESIA Tbk,"BIME1 - BIMA REGISTRA, PT",100,https://web.ksei.co.id/services/registered-securities/shares/lc/RELI,True
2026-09-22,https://web.ksei.co.id/services/registered-securities/shares?setLocale=en-US,2026-09-22T00:46:23.298883+00:00,769,RGAS,KIAN SANTANG MULIATAMA Tbk,"ADTR1 - ADIMITRA JASA KORPORA, PT",40,https://web.ksei.co.id/services/registered-securities/shares/lc/RGAS,True
2026-09-22,https://web.ksei.co.id/services/registered-securities/shares?setLocale=en-US,2026-09-22T00:46:23.298883+00:00,770,RICY,RICKY PUTRA GLOBALINDO Tbk,"RISR1 - RAYA SAHAM REGISTRA, PT",500,https://web.ksei.co.id/services/registered-securities/shares/lc/RICY,True
2026-09-22,https://web.ksei.co.id/services/registered-securities/shares?setLocale=en-US,2026-09-22T00:46:23.298883+00:00,771,RIGS,RIG TENDERS INDONESIA Tbk,"RISR1 - RAYA SAHAM REGISTRA, PT",100,https://web.ksei.co.id/services/registered-securities/shares/lc/RIGS,True
2026-09-22,https://web.ksei.co.id/services/registered-securities/shares?setLocale=en-US,2026-09-22T00:46:23.298883+00:00,772,RIMO,RIMO INTERNATIONAL LESTARI Tbk,"FIBU1 - FICOMINDO BUANA REGISTRAR, PT",250,https://web.ksei.co.id/services/registered-securities/shares/lc/RIMO,True
2026-09-22,https://web.ksei.co.id/services/registered-securities/shares?setLocale=en-US,2026-09-22T00:46:23.298883+00:00,773,RISE,JAYA SUKSES MAKMUR SENTOSA Tbk,"BIME1 - BIMA REGISTRA, PT",100,https://web.ksei.co.id/services/registered-securities/shares/lc/RISE,True
2026-09-22,https://web.ksei.co.id/services/registered-securities/shares?setLocale=en-US,2026-09-22T00:46:23.298883+00:00,774,RLCO,ABADI LESTARI INDONESIA Tbk,"ADTR1 - ADIMITRA JASA KORPORA, PT",50,https://web.ksei.co.id/services/registered-securities/shares/lc/RLCO,True
2026-09-22,https://web.ksei.co.id/services/registered-securities/shares?setLocale=en-US,2026-09-22T00:46:23.298883+00:00,775,RMKE,RMK ENERGY Tbk,"ADTR1 - ADIMITRA JASA KORPORA, PT",100,https://web.ksei.co.id/services/registered-securities/shares/lc/RMKE,True
2026-09-22,https://web.ksei.co.id/services/registered-securities/shares?setLocale=en-US,2026-09-22T00:46:23.298883+00:00,776,RMKO,ROYALTAMA MULIA KONTRAKTORINDO Tbk,"ADTR1 - ADIMITRA JASA KORPORA, PT",100,https://web.ksei.co.id/services/registered-securities/shares/lc/RMKO,True
2026-09-22,https://web.ksei.co.id/services/registered-securities/shares?setLocale=en-US,2026-09-22T00:46:23.298883+00:00,777,ROCK,ROCKFIELDS PROPERTI INDONESIA Tbk,"ADTR1 - ADIMITRA JASA KORPORA, PT",50,https://web.ksei.co.id/services/registered-securities/shares/lc/ROCK,True
2026-09-22,https://web.ksei.co.id/services/registered-securities/shares?setLocale=en-US,2026-09-22T00:46:23.298883+00:00,778,RODA,PIKKO LAND DEVELOPMENT Tbk,"SIGU1 - SINARTAMA GUNITA, PT",100,https://web.ksei.co.id/services/registered-securities/shares/lc/RODA,True
2026-09-22,https://web.ksei.co.id/services/registered-securities/shares?setLocale=en-US,2026-09-22T00:46:23.298883+00:00,779,RONY,ARACORD NUSANTARA GROUP Tbk,"DAEN1 - DATINDO ENTRYCOM, PT",10,https://web.ksei.co.id/services/registered-securities/shares/lc/RONY,True
2026-09-22,https://web.ksei.co.id/services/registered-securities/shares?setLocale=en-US,2026-09-22T00:46:23.298883+00:00,780,ROTI,NIPPON INDOSARI CORPINDO Tbk,"RISR1 - RAYA SAHAM REGISTRA, PT",20,https://web.ksei.co.id/services/registered-securities/shares/lc/ROTI,True
2026-09-22,https://web.ksei.co.id/services/registered-securities/shares?setLocale=en-US,2026-09-22T00:46:23.298883+00:00,781,RSCH,CHARLIE HOSPITAL SEMARANG Tbk,"ADTR1 - ADIMITRA JASA KORPORA, PT",50,https://web.ksei.co.id/services/registered-securities/shares/lc/RSCH,True
2026-09-22,https://web.ksei.co.id/services/registered-securities/shares?setLocale=en-US,2026-09-22T00:46:23.298883+00:00,782,RSGK,KEDOYA ADYARAYA Tbk,"RISR1 - RAYA SAHAM REGISTRA, PT",200,https://web.ksei.co.id/services/registered-securities/shares/lc/RSGK,True
2026-09-22,https://web.ksei.co.id/services/registered-securities/shares?setLocale=en-US,2026-09-22T00:46:23.298883+00:00,783,RUIS,RADIANT UTAMA INTERINSCO Tbk,"ADTR1 - ADIMITRA JASA KORPORA, PT",100,https://web.ksei.co.id/services/registered-securities/shares/lc/RUIS,True
2026-09-22,https://web.ksei.co.id/services/registered-securities/shares?setLocale=en-US,2026-09-22T00:46:23.298883+00:00,784,RUNS,GLOBAL SUKSES SOLUSI Tbk,"SIGU1 - SINARTAMA GUNITA, PT",4,https://web.ksei.co.id/services/registered-securities/shares/lc/RUNS,True
2026-09-22,https://web.ksei.co.id/services/registered-securities/shares?setLocale=en-US,2026-09-22T00:46:23.298883+00:00,785,SAFE,STEADY SAFE Tbk,"SIGU1 - SINARTAMA GUNITA, PT",500,https://web.ksei.co.id/services/registered-securities/shares/lc/SAFE,True
2026-09-22,https://web.ksei.co.id/services/registered-securities/shares?setLocale=en-US,2026-09-22T00:46:23.298883+00:00,786,SAGE,SAPTAUSAHA GEMILANGINDAH Tbk,"ADTR1 - ADIMITRA JASA KORPORA, PT",20,https://web.ksei.co.id/services/registered-securities/shares/lc/SAGE,True
2026-09-22,https://web.ksei.co.id/services/registered-securities/shares?setLocale=en-US,2026-09-22T00:46:23.298883+00:00,787,SAME,SARANA MEDITAMA METROPOLITAN Tbk,"BIME1 - BIMA REGISTRA, PT",20,https://web.ksei.co.id/services/registered-securities/shares/lc/SAME,True
2026-09-22,https://web.ksei.co.id/services/registered-securities/shares?setLocale=en-US,2026-09-22T00:46:23.298883+00:00,788,SAMF,SARASWANTI ANUGERAH MAKMUR Tbk,"ADTR1 - ADIMITRA JASA KORPORA, PT",100,https://web.ksei.co.id/services/registered-securities/shares/lc/SAMF,True
2026-09-22,https://web.ksei.co.id/services/registered-securities/shares?setLocale=en-US,2026-09-22T00:46:23.298883+00:00,789,SAPX,SATRIA ANTARAN PRIMA Tbk,"RISR1 - RAYA SAHAM REGISTRA, PT",100,https://web.ksei.co.id/services/registered-securities/shares/lc/SAPX,True
2026-09-22,https://web.ksei.co.id/services/registered-securities/shares?setLocale=en-US,2026-09-22T00:46:23.298883+00:00,790,SATU,KOTA SATU PROPERTI Tbk,"ADTR1 - ADIMITRA JASA KORPORA, PT",100,https://web.ksei.co.id/services/registered-securities/shares/lc/SATU,True
2026-09-22,https://web.ksei.co.id/services/registered-securities/shares?setLocale=en-US,2026-09-22T00:46:23.298883+00:00,791,SBAT,SEJAHTERA BINTANG ABADI TEXTILE Tbk,"FIBU1 - FICOMINDO BUANA REGISTRAR, PT",20,https://web.ksei.co.id/services/registered-securities/shares/lc/SBAT,True
2026-09-22,https://web.ksei.co.id/services/registered-securities/shares?setLocale=en-US,2026-09-22T00:46:23.298883+00:00,792,SBMA,SURYA BIRU MURNI ACETYLENE Tbk,"BIME1 - BIMA REGISTRA, PT",100,https://web.ksei.co.id/services/registered-securities/shares/lc/SBMA,True
2026-09-22,https://web.ksei.co.id/services/registered-securities/shares?setLocale=en-US,2026-09-22T00:46:23.298883+00:00,793,SCCO,SUPREME CABLE MANUFACTURING & COMMERCE Tbk,"SIGU1 - SINARTAMA GUNITA, PT",250,https://web.ksei.co.id/services/registered-securities/shares/lc/SCCO,True
2026-09-22,https://web.ksei.co.id/services/registered-securities/shares?setLocale=en-US,2026-09-22T00:46:23.298883+00:00,794,SCMA,SURYA CITRA MEDIA Tbk,"RISR1 - RAYA SAHAM REGISTRA, PT",10,https://web.ksei.co.id/services/registered-securities/shares/lc/SCMA,True
2026-09-22,https://web.ksei.co.id/services/registered-securities/shares?setLocale=en-US,2026-09-22T00:46:23.298883+00:00,795,SCNP,SELARAS CITRA NUSANTARA PERKASA Tbk,"DAEN1 - DATINDO ENTRYCOM, PT",100,https://web.ksei.co.id/services/registered-securities/shares/lc/SCNP,True
2026-09-22,https://web.ksei.co.id/services/registered-securities/shares?setLocale=en-US,2026-09-22T00:46:23.298883+00:00,796,SCPI,ORGANON PHARMA INDONESIA Tbk,"FIBU1 - FICOMINDO BUANA REGISTRAR, PT",1000,https://web.ksei.co.id/services/registered-securities/shares/lc/SCPI,True
2026-09-22,https://web.ksei.co.id/services/registered-securities/shares?setLocale=en-US,2026-09-22T00:46:23.298883+00:00,797,SDMU,SIDOMULYO SELARAS Tbk,"ADTR1 - ADIMITRA JASA KORPORA, PT",100,https://web.ksei.co.id/services/registered-securities/shares/lc/SDMU,True
2026-09-22,https://web.ksei.co.id/services/registered-securities/shares?setLocale=en-US,2026-09-22T00:46:23.298883+00:00,798,SDPC,MILLENNIUM PHARMACON INTERNATIONAL Tbk,"RISR1 - RAYA SAHAM REGISTRA, PT",100,https://web.ksei.co.id/services/registered-securities/shares/lc/SDPC,True
2026-09-22,https://web.ksei.co.id/services/registered-securities/shares?setLocale=en-US,2026-09-22T00:46:23.298883+00:00,799,SDRA,BANK WOORI SAUDARA INDONESIA 1906 Tbk,"SIGU1 - SINARTAMA GUNITA, PT",100,https://web.ksei.co.id/services/registered-securities/shares/lc/SDRA,True
2026-09-22,https://web.ksei.co.id/services/registered-securities/shares?setLocale=en-US,2026-09-22T00:46:23.298883+00:00,800,SEMA,SEMACOM INTEGRATED Tbk,"ADTR1 - ADIMITRA JASA KORPORA, PT",50,https://web.ksei.co.id/services/registered-securities/shares/lc/SEMA,True
2026-09-22,https://web.ksei.co.id/services/registered-securities/shares?setLocale=en-US,2026-09-22T00:46:23.298883+00:00,801,SFAN,SURYA FAJAR CAPITAL Tbk,"ADTR1 - ADIMITRA JASA KORPORA, PT",100,https://web.ksei.co.id/services/registered-securities/shares/lc/SFAN,True
2026-09-22,https://web.ksei.co.id/services/registered-securities/shares?setLocale=en-US,2026-09-22T00:46:23.298883+00:00,802,SFTCASH,SFTCASH,KSEI1 - KUSTODIAN SENTRAL EFEK INDONESIA PT,0,https://web.ksei.co.id/services/registered-securities/shares/lc/SFTCASH,False
2026-09-22,https://web.ksei.co.id/services/registered-securities/shares?setLocale=en-US,2026-09-22T00:46:23.298883+00:00,803,SGER,SUMBER GLOBAL ENERGY Tbk,"ADTR1 - ADIMITRA JASA KORPORA, PT",50,https://web.ksei.co.id/services/registered-securities/shares/lc/SGER,True
2026-09-22,https://web.ksei.co.id/services/registered-securities/shares?setLocale=en-US,2026-09-22T00:46:23.298883+00:00,804,SGRO,PRIME AGRI RESOURCES Tbk,"DAEN1 - DATINDO ENTRYCOM, PT",200,https://web.ksei.co.id/services/registered-securities/shares/lc/SGRO,True
2026-09-22,https://web.ksei.co.id/services/registered-securities/shares?setLocale=en-US,2026-09-22T00:46:23.298883+00:00,805,SHID,HOTEL SAHID JAYA INTERNATIONAL Tbk,"DAEN1 - DATINDO ENTRYCOM, PT",500,https://web.ksei.co.id/services/registered-securities/shares/lc/SHID,True
2026-09-22,https://web.ksei.co.id/services/registered-securities/shares?setLocale=en-US,2026-09-22T00:46:23.298883+00:00,806,SHIP,SILLO MARITIME PERDANA Tbk,"DAEN1 - DATINDO ENTRYCOM, PT",100,https://web.ksei.co.id/services/registered-securities/shares/lc/SHIP,True
2026-09-22,https://web.ksei.co.id/services/registered-securities/shares?setLocale=en-US,2026-09-22T00:46:23.298883+00:00,807,SICO,SIGMA ENERGY COMPRESSINDO Tbk,"SHIN1 - SHARESTAR INDONESIA, PT",50,https://web.ksei.co.id/services/registered-securities/shares/lc/SICO,True
2026-09-22,https://web.ksei.co.id/services/registered-securities/shares?setLocale=en-US,2026-09-22T00:46:23.298883+00:00,808,SIDO,INDUSTRI JAMU DAN FARMASI SIDO MUNCUL Tbk,"RISR1 - RAYA SAHAM REGISTRA, PT",50,https://web.ksei.co.id/services/registered-securities/shares/lc/SIDO,True
2026-09-22,https://web.ksei.co.id/services/registered-securities/shares?setLocale=en-US,2026-09-22T00:46:23.298883+00:00,809,SILO,SILOAM INTERNATIONAL HOSPITALS Tbk,"SHIN1 - SHARESTAR INDONESIA, PT",13,https://web.ksei.co.id/services/registered-securities/shares/lc/SILO,True
2026-09-22,https://web.ksei.co.id/services/registered-securities/shares?setLocale=en-US,2026-09-22T00:46:23.298883+00:00,810,SIMA,SIWANI MAKMUR Tbk,"FIBU1 - FICOMINDO BUANA REGISTRAR, PT",500,https://web.ksei.co.id/services/registered-securities/shares/lc/SIMA,True
2026-09-22,https://web.ksei.co.id/services/registered-securities/shares?setLocale=en-US,2026-09-22T00:46:23.298883+00:00,811,SIMP,SALIM IVOMAS PRATAMA Tbk,"RISR1 - RAYA SAHAM REGISTRA, PT",200,https://web.ksei.co.id/services/registered-securities/shares/lc/SIMP,True
2026-09-22,https://web.ksei.co.id/services/registered-securities/shares?setLocale=en-US,2026-09-22T00:46:23.298883+00:00,812,SING,SINGLETERRA Tbk,"RISR1 - RAYA SAHAM REGISTRA, PT",100,https://web.ksei.co.id/services/registered-securities/shares/lc/SING,True
2026-09-22,https://web.ksei.co.id/services/registered-securities/shares?setLocale=en-US,2026-09-22T00:46:23.298883+00:00,813,SINI,SINGARAJA PUTRA Tbk,"ADTR1 - ADIMITRA JASA KORPORA, PT",100,https://web.ksei.co.id/services/registered-securities/shares/lc/SINI,True
2026-09-22,https://web.ksei.co.id/services/registered-securities/shares?setLocale=en-US,2026-09-22T00:46:23.298883+00:00,814,SIPD,SREEYA SEWU INDONESIA Tbk,"RISR1 - RAYA SAHAM REGISTRA, PT",3950,https://web.ksei.co.id/services/registered-securities/shares/lc/SIPD,True
2026-09-22,https://web.ksei.co.id/services/registered-securities/shares?setLocale=en-US,2026-09-22T00:46:23.298883+00:00,815,SKBM,SEKAR BUMI Tbk,"EDI01 - ELECTRONIC DATA INTERCHANGE INDONESIA, PT",100,https://web.ksei.co.id/services/registered-securities/shares/lc/SKBM,True
2026-09-22,https://web.ksei.co.id/services/registered-securities/shares?setLocale=en-US,2026-09-22T00:46:23.298883+00:00,816,SKLT,SEKAR LAUT Tbk,"EDI01 - ELECTRONIC DATA INTERCHANGE INDONESIA, PT",10,https://web.ksei.co.id/services/registered-securities/shares/lc/SKLT,True
2026-09-22,https://web.ksei.co.id/services/registered-securities/shares?setLocale=en-US,2026-09-22T00:46:23.298883+00:00,817,SKRN,SUPERKRANE MITRA UTAMA Tbk,"ADTR1 - ADIMITRA JASA KORPORA, PT",20,https://web.ksei.co.id/services/registered-securities/shares/lc/SKRN,True
2026-09-22,https://web.ksei.co.id/services/registered-securities/shares?setLocale=en-US,2026-09-22T00:46:23.298883+00:00,818,SKYB,NORTHCLIFF CITRANUSA INDONESIA Tbk,"SKYB2 - REGISTRAR FOR NORTHCLIFF CITRANUSA INDONESIA Tbk, PT",100,https://web.ksei.co.id/services/registered-securities/shares/lc/SKYB,True
2026-09-22,https://web.ksei.co.id/services/registered-securities/shares?setLocale=en-US,2026-09-22T00:46:23.298883+00:00,819,SLIS,GAYA ABADI SEMPURNA Tbk,"ADTR1 - ADIMITRA JASA KORPORA, PT",50,https://web.ksei.co.id/services/registered-securities/shares/lc/SLIS,True
2026-09-22,https://web.ksei.co.id/services/registered-securities/shares?setLocale=en-US,2026-09-22T00:46:23.298883+00:00,820,SMAR,SINAR MAS AGRO RESOURCES AND TECHNOLOGY Tbk,"SIGU1 - SINARTAMA GUNITA, PT",200,https://web.ksei.co.id/services/registered-securities/shares/lc/SMAR,True
2026-09-22,https://web.ksei.co.id/services/registered-securities/shares?setLocale=en-US,2026-09-22T00:46:23.298883+00:00,821,SMBR,SEMEN BATURAJA (PERSERO) Tbk,"DAEN1 - DATINDO ENTRYCOM, PT",100,https://web.ksei.co.id/services/registered-securities/shares/lc/SMBR,True
2026-09-22,https://web.ksei.co.id/services/registered-securities/shares?setLocale=en-US,2026-09-22T00:46:23.298883+00:00,822,SMCB,SOLUSI BANGUN INDONESIA Tbk,"DAEN1 - DATINDO ENTRYCOM, PT",500,https://web.ksei.co.id/services/registered-securities/shares/lc/SMCB,True
2026-09-22,https://web.ksei.co.id/services/registered-securities/shares?setLocale=en-US,2026-09-22T00:46:23.298883+00:00,823,SMDM,SURYAMAS DUTAMAKMUR Tbk,"SIGU1 - SINARTAMA GUNITA, PT",500,https://web.ksei.co.id/services/registered-securities/shares/lc/SMDM,True
2026-09-22,https://web.ksei.co.id/services/registered-securities/shares?setLocale=en-US,2026-09-22T00:46:23.298883+00:00,824,SMDR,SAMUDERA INDONESIA Tbk,"BIME1 - BIMA REGISTRA, PT",5,https://web.ksei.co.id/services/registered-securities/shares/lc/SMDR,True
2026-09-22,https://web.ksei.co.id/services/registered-securities/shares?setLocale=en-US,2026-09-22T00:46:23.298883+00:00,825,SMGA,SUMBER MINERAL GLOBAL ABADI Tbk,"ADTR1 - ADIMITRA JASA KORPORA, PT",20,https://web.ksei.co.id/services/registered-securities/shares/lc/SMGA,True
2026-09-22,https://web.ksei.co.id/services/registered-securities/shares?setLocale=en-US,2026-09-22T00:46:23.298883+00:00,826,SMGR,SEMEN INDONESIA (PERSERO) Tbk,"DAEN1 - DATINDO ENTRYCOM, PT",100,https://web.ksei.co.id/services/registered-securities/shares/lc/SMGR,True
2026-09-22,https://web.ksei.co.id/services/registered-securities/shares?setLocale=en-US,2026-09-22T00:46:23.298883+00:00,827,SMIL,SARANA MITRA LUAS Tbk,"BIME1 - BIMA REGISTRA, PT",50,https://web.ksei.co.id/services/registered-securities/shares/lc/SMIL,True
2026-09-22,https://web.ksei.co.id/services/registered-securities/shares?setLocale=en-US,2026-09-22T00:46:23.298883+00:00,828,SMKL,SATYAMITRA KEMAS LESTARI Tbk,"ADTR1 - ADIMITRA JASA KORPORA, PT",100,https://web.ksei.co.id/services/registered-securities/shares/lc/SMKL,True
2026-09-22,https://web.ksei.co.id/services/registered-securities/shares?setLocale=en-US,2026-09-22T00:46:23.298883+00:00,829,SMKM,SUMBER MAS KONSTRUKSI Tbk,"BIME1 - BIMA REGISTRA, PT",100,https://web.ksei.co.id/services/registered-securities/shares/lc/SMKM,True
2026-09-22,https://web.ksei.co.id/services/registered-securities/shares?setLocale=en-US,2026-09-22T00:46:23.298883+00:00,830,SMLE,SINERGI MULTI LESTARINDO Tbk,"BIME1 - BIMA REGISTRA, PT",10,https://web.ksei.co.id/services/registered-securities/shares/lc/SMLE,True
2026-09-22,https://web.ksei.co.id/services/registered-securities/shares?setLocale=en-US,2026-09-22T00:46:23.298883+00:00,831,SMMA,SINAR MAS MULTIARTHA Tbk,"SIGU1 - SINARTAMA GUNITA, PT",5000,https://web.ksei.co.id/services/registered-securities/shares/lc/SMMA,True
2026-09-22,https://web.ksei.co.id/services/registered-securities/shares?setLocale=en-US,2026-09-22T00:46:23.298883+00:00,832,SMMT,GOLDEN EAGLE ENERGY Tbk,"ADTR1 - ADIMITRA JASA KORPORA, PT",125,https://web.ksei.co.id/services/registered-securities/shares/lc/SMMT,True
2026-09-22,https://web.ksei.co.id/services/registered-securities/shares?setLocale=en-US,2026-09-22T00:46:23.298883+00:00,833,SMRA,SUMMARECON AGUNG Tbk,"RISR1 - RAYA SAHAM REGISTRA, PT",100,https://web.ksei.co.id/services/registered-securities/shares/lc/SMRA,True
2026-09-22,https://web.ksei.co.id/services/registered-securities/shares?setLocale=en-US,2026-09-22T00:46:23.298883+00:00,834,SMRU,SMR UTAMA Tbk,"FIBU1 - FICOMINDO BUANA REGISTRAR, PT",100,https://web.ksei.co.id/services/registered-securities/shares/lc/SMRU,True
2026-09-22,https://web.ksei.co.id/services/registered-securities/shares?setLocale=en-US,2026-09-22T00:46:23.298883+00:00,835,SMSM,SELAMAT SEMPURNA Tbk,"SIGU1 - SINARTAMA GUNITA, PT",100,https://web.ksei.co.id/services/registered-securities/shares/lc/SMSM,True
2026-09-22,https://web.ksei.co.id/services/registered-securities/shares?setLocale=en-US,2026-09-22T00:46:23.298883+00:00,836,SNLK,SUNTER LAKESIDE HOTEL Tbk,"BIME1 - BIMA REGISTRA, PT",100,https://web.ksei.co.id/services/registered-securities/shares/lc/SNLK,True
2026-09-22,https://web.ksei.co.id/services/registered-securities/shares?setLocale=en-US,2026-09-22T00:46:23.298883+00:00,837,SOCI,SOECHI LINES Tbk,"RISR1 - RAYA SAHAM REGISTRA, PT",100,https://web.ksei.co.id/services/registered-securities/shares/lc/SOCI,True
2026-09-22,https://web.ksei.co.id/services/registered-securities/shares?setLocale=en-US,2026-09-22T00:46:23.298883+00:00,838,SOFA,SOLUSI ENVIRONMENT ASIA Tbk,"BIME1 - BIMA REGISTRA, PT",10,https://web.ksei.co.id/services/registered-securities/shares/lc/SOFA,True
2026-09-22,https://web.ksei.co.id/services/registered-securities/shares?setLocale=en-US,2026-09-22T00:46:23.298883+00:00,839,SOHO,SOHO GLOBAL HEALTH Tbk,"DAEN1 - DATINDO ENTRYCOM, PT",50,https://web.ksei.co.id/services/registered-securities/shares/lc/SOHO,True
2026-09-22,https://web.ksei.co.id/services/registered-securities/shares?setLocale=en-US,2026-09-22T00:46:23.298883+00:00,840,SOLA,XOLARE RCR ENERGY Tbk,"FIBU1 - FICOMINDO BUANA REGISTRAR, PT",20,https://web.ksei.co.id/services/registered-securities/shares/lc/SOLA,True
2026-09-22,https://web.ksei.co.id/services/registered-securities/shares?setLocale=en-US,2026-09-22T00:46:23.298883+00:00,841,SONA,SONA TOPAS TOURISM INDUSTRY Tbk,"ADTR1 - ADIMITRA JASA KORPORA, PT",125,https://web.ksei.co.id/services/registered-securities/shares/lc/SONA,True
2026-09-22,https://web.ksei.co.id/services/registered-securities/shares?setLocale=en-US,2026-09-22T00:46:23.298883+00:00,842,SOSS,ALSOK INDONESIA SERVICES Tbk,"SIGU1 - SINARTAMA GUNITA, PT",100,https://web.ksei.co.id/services/registered-securities/shares/lc/SOSS,True
2026-09-22,https://web.ksei.co.id/services/registered-securities/shares?setLocale=en-US,2026-09-22T00:46:23.298883+00:00,843,SOTS,SATRIA MEGA KENCANA Tbk,"ADTR1 - ADIMITRA JASA KORPORA, PT",100,https://web.ksei.co.id/services/registered-securities/shares/lc/SOTS,True
2026-09-22,https://web.ksei.co.id/services/registered-securities/shares?setLocale=en-US,2026-09-22T00:46:23.298883+00:00,844,SOUL,MITRA TIRTA BUWANA Tbk,"BIME1 - BIMA REGISTRA, PT",20,https://web.ksei.co.id/services/registered-securities/shares/lc/SOUL,True
2026-09-22,https://web.ksei.co.id/services/registered-securities/shares?setLocale=en-US,2026-09-22T00:46:23.298883+00:00,845,SPMA,SUPARMA Tbk,"EDI01 - ELECTRONIC DATA INTERCHANGE INDONESIA, PT",500,https://web.ksei.co.id/services/registered-securities/shares/lc/SPMA,True
2026-09-22,https://web.ksei.co.id/services/registered-securities/shares?setLocale=en-US,2026-09-22T00:46:23.298883+00:00,846,SPRE,SORAYA BERJAYA INDONESIA Tbk,"BIME1 - BIMA REGISTRA, PT",25,https://web.ksei.co.id/services/registered-securities/shares/lc/SPRE,True
2026-09-22,https://web.ksei.co.id/services/registered-securities/shares?setLocale=en-US,2026-09-22T00:46:23.298883+00:00,847,SPTO,SURYA PERTIWI Tbk,"DAEN1 - DATINDO ENTRYCOM, PT",100,https://web.ksei.co.id/services/registered-securities/shares/lc/SPTO,True
2026-09-22,https://web.ksei.co.id/services/registered-securities/shares?setLocale=en-US,2026-09-22T00:46:23.298883+00:00,848,SQBI,TAISHO PHARMACEUTICAL INDONESIA Tbk SERI A,"BIME1 - BIMA REGISTRA, PT",1000,https://web.ksei.co.id/services/registered-securities/shares/lc/SQBI,True
2026-09-22,https://web.ksei.co.id/services/registered-securities/shares?setLocale=en-US,2026-09-22T00:46:23.298883+00:00,849,SQMI,WILTON MAKMUR INDONESIA Tbk,"SIGU1 - SINARTAMA GUNITA, PT",250,https://web.ksei.co.id/services/registered-securities/shares/lc/SQMI,True
2026-09-22,https://web.ksei.co.id/services/registered-securities/shares?setLocale=en-US,2026-09-22T00:46:23.298883+00:00,850,SRAJ,"SEJAHTERARAYA ANUGRAHJAYA Tbk, PT","FIBU1 - FICOMINDO BUANA REGISTRAR, PT",100,https://web.ksei.co.id/services/registered-securities/shares/lc/SRAJ,True
2026-09-22,https://web.ksei.co.id/services/registered-securities/shares?setLocale=en-US,2026-09-22T00:46:23.298883+00:00,851,SRIL,SRI REJEKI ISMAN Tbk,"ADTR1 - ADIMITRA JASA KORPORA, PT",100,https://web.ksei.co.id/services/registered-securities/shares/lc/SRIL,True
2026-09-22,https://web.ksei.co.id/services/registered-securities/shares?setLocale=en-US,2026-09-22T00:46:23.298883+00:00,852,SRSN,INDO ACIDATAMA Tbk,"SIGU1 - SINARTAMA GUNITA, PT",50,https://web.ksei.co.id/services/registered-securities/shares/lc/SRSN,True
2026-09-22,https://web.ksei.co.id/services/registered-securities/shares?setLocale=en-US,2026-09-22T00:46:23.298883+00:00,853,SRTG,SARATOGA INVESTAMA SEDAYA Tbk,"DAEN1 - DATINDO ENTRYCOM, PT",20,https://web.ksei.co.id/services/registered-securities/shares/lc/SRTG,True
2026-09-22,https://web.ksei.co.id/services/registered-securities/shares?setLocale=en-US,2026-09-22T00:46:23.298883+00:00,854,SSIA,SURYA SEMESTA INTERNUSA Tbk,"SIGU1 - SINARTAMA GUNITA, PT",125,https://web.ksei.co.id/services/registered-securities/shares/lc/SSIA,True
2026-09-22,https://web.ksei.co.id/services/registered-securities/shares?setLocale=en-US,2026-09-22T00:46:23.298883+00:00,855,SSMS,SAWIT SUMBERMAS SARANA Tbk,"DAEN1 - DATINDO ENTRYCOM, PT",100,https://web.ksei.co.id/services/registered-securities/shares/lc/SSMS,True
2026-09-22,https://web.ksei.co.id/services/registered-securities/shares?setLocale=en-US,2026-09-22T00:46:23.298883+00:00,856,SSTM,SUNSON TEXTILE MANUFACTURER Tbk,"SIGU1 - SINARTAMA GUNITA, PT",250,https://web.ksei.co.id/services/registered-securities/shares/lc/SSTM,True
2026-09-22,https://web.ksei.co.id/services/registered-securities/shares?setLocale=en-US,2026-09-22T00:46:23.298883+00:00,857,STAA,SUMBER TANI AGUNG RESOURCES Tbk,"ADTR1 - ADIMITRA JASA KORPORA, PT",100,https://web.ksei.co.id/services/registered-securities/shares/lc/STAA,True
2026-09-22,https://web.ksei.co.id/services/registered-securities/shares?setLocale=en-US,2026-09-22T00:46:23.298883+00:00,858,STAR,CALCULUS GLOBAL VENTURES Tbk,"SHIN1 - SHARESTAR INDONESIA, PT",100,https://web.ksei.co.id/services/registered-securities/shares/lc/STAR,True
2026-09-22,https://web.ksei.co.id/services/registered-securities/shares?setLocale=en-US,2026-09-22T00:46:23.298883+00:00,859,STRK,LOVINA BEACH BREWERY Tbk,"BIME1 - BIMA REGISTRA, PT",12,https://web.ksei.co.id/services/registered-securities/shares/lc/STRK,True
2026-09-22,https://web.ksei.co.id/services/registered-securities/shares?setLocale=en-US,2026-09-22T00:46:23.298883+00:00,860,STTP,SIANTAR TOP Tbk,"DAEN1 - DATINDO ENTRYCOM, PT",100,https://web.ksei.co.id/services/registered-securities/shares/lc/STTP,True
2026-09-22,https://web.ksei.co.id/services/registered-securities/shares?setLocale=en-US,2026-09-22T00:46:23.298883+00:00,861,SUDI,SURYA DUMAI INDUSTRI Tbk,"RISR1 - RAYA SAHAM REGISTRA, PT",100,https://web.ksei.co.id/services/registered-securities/shares/lc/SUDI,True
2026-09-22,https://web.ksei.co.id/services/registered-securities/shares?setLocale=en-US,2026-09-22T00:46:23.298883+00:00,862,SUGI,"SUGIH ENERGY Tbk, PT","ADTR1 - ADIMITRA JASA KORPORA, PT",100,https://web.ksei.co.id/services/registered-securities/shares/lc/SUGI,True
2026-09-22,https://web.ksei.co.id/services/registered-securities/shares?setLocale=en-US,2026-09-22T00:46:23.298883+00:00,863,SULI,SLJ GLOBAL Tbk,"FIBU1 - FICOMINDO BUANA REGISTRAR, PT",1000,https://web.ksei.co.id/services/registered-securities/shares/lc/SULI,True
2026-09-22,https://web.ksei.co.id/services/registered-securities/shares?setLocale=en-US,2026-09-22T00:46:23.298883+00:00,864,SUNI,SUNINDO PRATAMA Tbk,"ADTR1 - ADIMITRA JASA KORPORA, PT",100,https://web.ksei.co.id/services/registered-securities/shares/lc/SUNI,True
2026-09-22,https://web.ksei.co.id/services/registered-securities/shares?setLocale=en-US,2026-09-22T00:46:23.298883+00:00,865,SUPA,SUPER BANK INDONESIA Tbk,"BIME1 - BIMA REGISTRA, PT",100,https://web.ksei.co.id/services/registered-securities/shares/lc/SUPA,True
2026-09-22,https://web.ksei.co.id/services/registered-securities/shares?setLocale=en-US,2026-09-22T00:46:23.298883+00:00,866,SUPR,SOLUSI TUNAS PRATAMA Tbk,"RISR1 - RAYA SAHAM REGISTRA, PT",100,https://web.ksei.co.id/services/registered-securities/shares/lc/SUPR,True
2026-09-22,https://web.ksei.co.id/services/registered-securities/shares?setLocale=en-US,2026-09-22T00:46:23.298883+00:00,867,SURE,SUPER ENERGY Tbk,"SIGU1 - SINARTAMA GUNITA, PT",100,https://web.ksei.co.id/services/registered-securities/shares/lc/SURE,True
2026-09-22,https://web.ksei.co.id/services/registered-securities/shares?setLocale=en-US,2026-09-22T00:46:23.298883+00:00,868,SURI,MAJA AGUNG LATEXINDO Tbk,"SIGU1 - SINARTAMA GUNITA, PT",20,https://web.ksei.co.id/services/registered-securities/shares/lc/SURI,True
2026-09-22,https://web.ksei.co.id/services/registered-securities/shares?setLocale=en-US,2026-09-22T00:46:23.298883+00:00,869,SWAT,SRIWAHANA ADITYAKARTA Tbk,"ADTR1 - ADIMITRA JASA KORPORA, PT",100,https://web.ksei.co.id/services/registered-securities/shares/lc/SWAT,True
2026-09-22,https://web.ksei.co.id/services/registered-securities/shares?setLocale=en-US,2026-09-22T00:46:23.298883+00:00,870,SWID,SARASWANTI INDOLAND DEVELOPMENT Tbk,"BIME1 - BIMA REGISTRA, PT",20,https://web.ksei.co.id/services/registered-securities/shares/lc/SWID,True
2026-09-22,https://web.ksei.co.id/services/registered-securities/shares?setLocale=en-US,2026-09-22T00:46:23.298883+00:00,871,TALF,TUNAS ALFIN Tbk,"EDI01 - ELECTRONIC DATA INTERCHANGE INDONESIA, PT",100,https://web.ksei.co.id/services/registered-securities/shares/lc/TALF,True
2026-09-22,https://web.ksei.co.id/services/registered-securities/shares?setLocale=en-US,2026-09-22T00:46:23.298883+00:00,872,TAMA,LANCARTAMA SEJATI Tbk,"ADTR1 - ADIMITRA JASA KORPORA, PT",25,https://web.ksei.co.id/services/registered-securities/shares/lc/TAMA,True
2026-09-22,https://web.ksei.co.id/services/registered-securities/shares?setLocale=en-US,2026-09-22T00:46:23.298883+00:00,873,TAMU,PELAYARAN TAMARIN SAMUDRA Tbk,"ADTR1 - ADIMITRA JASA KORPORA, PT",10,https://web.ksei.co.id/services/registered-securities/shares/lc/TAMU,True
2026-09-22,https://web.ksei.co.id/services/registered-securities/shares?setLocale=en-US,2026-09-22T00:46:23.298883+00:00,874,TAPG,TRIPUTRA AGRO PERSADA Tbk,"RISR1 - RAYA SAHAM REGISTRA, PT",100,https://web.ksei.co.id/services/registered-securities/shares/lc/TAPG,True
2026-09-22,https://web.ksei.co.id/services/registered-securities/shares?setLocale=en-US,2026-09-22T00:46:23.298883+00:00,875,TARA,AGUNG SEMESTA SEJAHTERA Tbk,"SIGU1 - SINARTAMA GUNITA, PT",100,https://web.ksei.co.id/services/registered-securities/shares/lc/TARA,True
2026-09-22,https://web.ksei.co.id/services/registered-securities/shares?setLocale=en-US,2026-09-22T00:46:23.298883+00:00,876,TAXI,EXPRESS TRANSINDO UTAMA Tbk,"ADTR1 - ADIMITRA JASA KORPORA, PT",100,https://web.ksei.co.id/services/registered-securities/shares/lc/TAXI,True
2026-09-22,https://web.ksei.co.id/services/registered-securities/shares?setLocale=en-US,2026-09-22T00:46:23.298883+00:00,877,TAYS,JAYA SWARASA AGUNG Tbk,"ADTR1 - ADIMITRA JASA KORPORA, PT",50,https://web.ksei.co.id/services/registered-securities/shares/lc/TAYS,True
2026-09-22,https://web.ksei.co.id/services/registered-securities/shares?setLocale=en-US,2026-09-22T00:46:23.298883+00:00,878,TBIG,TOWER BERSAMA INFRASTRUCTURE Tbk,"DAEN1 - DATINDO ENTRYCOM, PT",20,https://web.ksei.co.id/services/registered-securities/shares/lc/TBIG,True
2026-09-22,https://web.ksei.co.id/services/registered-securities/shares?setLocale=en-US,2026-09-22T00:46:23.298883+00:00,879,TBLA,TUNAS BARU LAMPUNG Tbk,"ADTR1 - ADIMITRA JASA KORPORA, PT",125,https://web.ksei.co.id/services/registered-securities/shares/lc/TBLA,True
2026-09-22,https://web.ksei.co.id/services/registered-securities/shares?setLocale=en-US,2026-09-22T00:46:23.298883+00:00,880,TBMS,TEMBAGA MULIA SEMANAN Tbk,"RISR1 - RAYA SAHAM REGISTRA, PT",1000,https://web.ksei.co.id/services/registered-securities/shares/lc/TBMS,True
2026-09-22,https://web.ksei.co.id/services/registered-securities/shares?setLocale=en-US,2026-09-22T00:46:23.298883+00:00,881,TCID,MANDOM INDONESIA Tbk,"RISR1 - RAYA SAHAM REGISTRA, PT",250,https://web.ksei.co.id/services/registered-securities/shares/lc/TCID,True
2026-09-22,https://web.ksei.co.id/services/registered-securities/shares?setLocale=en-US,2026-09-22T00:46:23.298883+00:00,882,TCPI,TRANSCOAL PACIFIC Tbk,"ADTR1 - ADIMITRA JASA KORPORA, PT",100,https://web.ksei.co.id/services/registered-securities/shares/lc/TCPI,True
2026-09-22,https://web.ksei.co.id/services/registered-securities/shares?setLocale=en-US,2026-09-22T00:46:23.298883+00:00,883,TDPM,TRIDOMAIN PERFORMANCE MATERIALS Tbk,"SIGU1 - SINARTAMA GUNITA, PT",100,https://web.ksei.co.id/services/registered-securities/shares/lc/TDPM,True
2026-09-22,https://web.ksei.co.id/services/registered-securities/shares?setLocale=en-US,2026-09-22T00:46:23.298883+00:00,884,TEBE,DANA BRATA LUHUR Tbk,"ADTR1 - ADIMITRA JASA KORPORA, PT",100,https://web.ksei.co.id/services/registered-securities/shares/lc/TEBE,True
2026-09-22,https://web.ksei.co.id/services/registered-securities/shares?setLocale=en-US,2026-09-22T00:46:23.298883+00:00,885,TECH,INDOSTERLING TECHNOMEDIA Tbk,"SIGU1 - SINARTAMA GUNITA, PT",50,https://web.ksei.co.id/services/registered-securities/shares/lc/TECH,True
2026-09-22,https://web.ksei.co.id/services/registered-securities/shares?setLocale=en-US,2026-09-22T00:46:23.298883+00:00,886,TELE,OMNI INOVASI INDONESIA Tbk,"SIGU1 - SINARTAMA GUNITA, PT",100,https://web.ksei.co.id/services/registered-securities/shares/lc/TELE,True
2026-09-22,https://web.ksei.co.id/services/registered-securities/shares?setLocale=en-US,2026-09-22T00:46:23.298883+00:00,887,TFAS,TELEFAST INDONESIA Tbk,"ADTR1 - ADIMITRA JASA KORPORA, PT",20,https://web.ksei.co.id/services/registered-securities/shares/lc/TFAS,True
2026-09-22,https://web.ksei.co.id/services/registered-securities/shares?setLocale=en-US,2026-09-22T00:46:23.298883+00:00,888,TFCO,TIFICO FIBER INDONESIA Tbk,"BIME1 - BIMA REGISTRA, PT",500,https://web.ksei.co.id/services/registered-securities/shares/lc/TFCO,True
2026-09-22,https://web.ksei.co.id/services/registered-securities/shares?setLocale=en-US,2026-09-22T00:46:23.298883+00:00,889,TGKA,TIGARAKSA SATRIA Tbk,"EDI01 - ELECTRONIC DATA INTERCHANGE INDONESIA, PT",100,https://web.ksei.co.id/services/registered-securities/shares/lc/TGKA,True
2026-09-22,https://web.ksei.co.id/services/registered-securities/shares?setLocale=en-US,2026-09-22T00:46:23.298883+00:00,890,TGRA,TERREGRA ASIA ENERGY Tbk,"ADTR1 - ADIMITRA JASA KORPORA, PT",100,https://web.ksei.co.id/services/registered-securities/shares/lc/TGRA,True
2026-09-22,https://web.ksei.co.id/services/registered-securities/shares?setLocale=en-US,2026-09-22T00:46:23.298883+00:00,891,TGUK,PLATINUM WAHAB NUSANTARA Tbk,"SIGU1 - SINARTAMA GUNITA, PT",16,https://web.ksei.co.id/services/registered-securities/shares/lc/TGUK,True
2026-09-22,https://web.ksei.co.id/services/registered-securities/shares?setLocale=en-US,2026-09-22T00:46:23.298883+00:00,892,TIFA,KDB TIFA FINANCE Tbk,"FIBU1 - FICOMINDO BUANA REGISTRAR, PT",100,https://web.ksei.co.id/services/registered-securities/shares/lc/TIFA,True
2026-09-22,https://web.ksei.co.id/services/registered-securities/shares?setLocale=en-US,2026-09-22T00:46:23.298883+00:00,893,TINS,TIMAH (PERSERO) Tbk,"EDI01 - ELECTRONIC DATA INTERCHANGE INDONESIA, PT",50,https://web.ksei.co.id/services/registered-securities/shares/lc/TINS,True
2026-09-22,https://web.ksei.co.id/services/registered-securities/shares?setLocale=en-US,2026-09-22T00:46:23.298883+00:00,894,TIRA,TIRA AUSTENITE Tbk,"SIGU1 - SINARTAMA GUNITA, PT",1000,https://web.ksei.co.id/services/registered-securities/shares/lc/TIRA,True
2026-09-22,https://web.ksei.co.id/services/registered-securities/shares?setLocale=en-US,2026-09-22T00:46:23.298883+00:00,895,TIRT,TIRTA MAHAKAM RESOURCES Tbk,"ADTR1 - ADIMITRA JASA KORPORA, PT",125,https://web.ksei.co.id/services/registered-securities/shares/lc/TIRT,True
2026-09-22,https://web.ksei.co.id/services/registered-securities/shares?setLocale=en-US,2026-09-22T00:46:23.298883+00:00,896,TKIM,PABRIK KERTAS TJIWI KIMIA Tbk,"SIGU1 - SINARTAMA GUNITA, PT",1000,https://web.ksei.co.id/services/registered-securities/shares/lc/TKIM,True
2026-09-22,https://web.ksei.co.id/services/registered-securities/shares?setLocale=en-US,2026-09-22T00:46:23.298883+00:00,897,TLDN,TELADAN PRIMA AGRO Tbk,"DAEN1 - DATINDO ENTRYCOM, PT",100,https://web.ksei.co.id/services/registered-securities/shares/lc/TLDN,True
2026-09-22,https://web.ksei.co.id/services/registered-securities/shares?setLocale=en-US,2026-09-22T00:46:23.298883+00:00,898,TLKM,TELKOM INDONESIA (PERSERO) Tbk,"DAEN1 - DATINDO ENTRYCOM, PT",50,https://web.ksei.co.id/services/registered-securities/shares/lc/TLKM,True
2026-09-22,https://web.ksei.co.id/services/registered-securities/shares?setLocale=en-US,2026-09-22T00:46:23.298883+00:00,899,TMAS,TEMAS Tbk,"ADTR1 - ADIMITRA JASA KORPORA, PT",3,https://web.ksei.co.id/services/registered-securities/shares/lc/TMAS,True
2026-09-22,https://web.ksei.co.id/services/registered-securities/shares?setLocale=en-US,2026-09-22T00:46:23.298883+00:00,900,TMPO,TEMPO INTI MEDIA Tbk,"SIGU1 - SINARTAMA GUNITA, PT",100,https://web.ksei.co.id/services/registered-securities/shares/lc/TMPO,True
2026-09-22,https://web.ksei.co.id/services/registered-securities/shares?setLocale=en-US,2026-09-22T00:46:23.298883+00:00,901,TNCA,TRIMUDA NUANSA CITRA Tbk,"SHIN1 - SHARESTAR INDONESIA, PT",100,https://web.ksei.co.id/services/registered-securities/shares/lc/TNCA,True
2026-09-22,https://web.ksei.co.id/services/registered-securities/shares?setLocale=en-US,2026-09-22T00:46:23.298883+00:00,902,TOBA,TBS ENERGI UTAMA Tbk,"DAEN1 - DATINDO ENTRYCOM, PT",50,https://web.ksei.co.id/services/registered-securities/shares/lc/TOBA,True
2026-09-22,https://web.ksei.co.id/services/registered-securities/shares?setLocale=en-US,2026-09-22T00:46:23.298883+00:00,903,TOOL,ROHARTINDO NUSANTARA LUAS Tbk,"SIGU1 - SINARTAMA GUNITA, PT",50,https://web.ksei.co.id/services/registered-securities/shares/lc/TOOL,True
2026-09-22,https://web.ksei.co.id/services/registered-securities/shares?setLocale=en-US,2026-09-22T00:46:23.298883+00:00,904,TOPS,TOTALINDO EKA PERSADA Tbk,"ADTR1 - ADIMITRA JASA KORPORA, PT",20,https://web.ksei.co.id/services/registered-securities/shares/lc/TOPS,True
2026-09-22,https://web.ksei.co.id/services/registered-securities/shares?setLocale=en-US,2026-09-22T00:46:23.298883+00:00,905,TOSK,TOPINDO SOLUSI KOMUNIKA Tbk,"BIME1 - BIMA REGISTRA, PT",10,https://web.ksei.co.id/services/registered-securities/shares/lc/TOSK,True
2026-09-22,https://web.ksei.co.id/services/registered-securities/shares?setLocale=en-US,2026-09-22T00:46:23.298883+00:00,906,TOTL,TOTAL BANGUN PERSADA Tbk,"ADTR1 - ADIMITRA JASA KORPORA, PT",100,https://web.ksei.co.id/services/registered-securities/shares/lc/TOTL,True
2026-09-22,https://web.ksei.co.id/services/registered-securities/shares?setLocale=en-US,2026-09-22T00:46:23.298883+00:00,907,TOTO,SURYA TOTO INDONESIA Tbk,BSRE1 - BSR INDONESIA PT.,5,https://web.ksei.co.id/services/registered-securities/shares/lc/TOTO,True
2026-09-22,https://web.ksei.co.id/services/registered-securities/shares?setLocale=en-US,2026-09-22T00:46:23.298883+00:00,908,TOWR,SARANA MENARA NUSANTARA Tbk,"RISR1 - RAYA SAHAM REGISTRA, PT",10,https://web.ksei.co.id/services/registered-securities/shares/lc/TOWR,True
2026-09-22,https://web.ksei.co.id/services/registered-securities/shares?setLocale=en-US,2026-09-22T00:46:23.298883+00:00,909,TOYS,SUNINDO ADIPERSADA Tbk,"ADTR1 - ADIMITRA JASA KORPORA, PT",100,https://web.ksei.co.id/services/registered-securities/shares/lc/TOYS,True
2026-09-22,https://web.ksei.co.id/services/registered-securities/shares?setLocale=en-US,2026-09-22T00:46:23.298883+00:00,910,TPIA,CHANDRA ASRI PACIFIC Tbk,"RISR1 - RAYA SAHAM REGISTRA, PT",50,https://web.ksei.co.id/services/registered-securities/shares/lc/TPIA,True
2026-09-22,https://web.ksei.co.id/services/registered-securities/shares?setLocale=en-US,2026-09-22T00:46:23.298883+00:00,911,TPMA,TRANS POWER MARINE Tbk,"SIGU1 - SINARTAMA GUNITA, PT",100,https://web.ksei.co.id/services/registered-securities/shares/lc/TPMA,True
2026-09-22,https://web.ksei.co.id/services/registered-securities/shares?setLocale=en-US,2026-09-22T00:46:23.298883+00:00,912,TRAM,TRADA ALAM MINERA Tbk,"FIBU1 - FICOMINDO BUANA REGISTRAR, PT",100,https://web.ksei.co.id/services/registered-securities/shares/lc/TRAM,True
2026-09-22,https://web.ksei.co.id/services/registered-securities/shares?setLocale=en-US,2026-09-22T00:46:23.298883+00:00,913,TRGU,CERESTAR INDONESIA Tbk,"SIGU1 - SINARTAMA GUNITA, PT",100,https://web.ksei.co.id/services/registered-securities/shares/lc/TRGU,True
2026-09-22,https://web.ksei.co.id/services/registered-securities/shares?setLocale=en-US,2026-09-22T00:46:23.298883+00:00,914,TRIL,TRIWIRA INSANLESTARI Tbk,"ADTR1 - ADIMITRA JASA KORPORA, PT",100,https://web.ksei.co.id/services/registered-securities/shares/lc/TRIL,True
2026-09-22,https://web.ksei.co.id/services/registered-securities/shares?setLocale=en-US,2026-09-22T00:46:23.298883+00:00,915,TRIM,TRIMEGAH SEKURITAS INDONESIA Tbk,"SIGU1 - SINARTAMA GUNITA, PT",50,https://web.ksei.co.id/services/registered-securities/shares/lc/TRIM,True
2026-09-22,https://web.ksei.co.id/services/registered-securities/shares?setLocale=en-US,2026-09-22T00:46:23.298883+00:00,916,TRIN,PERINTIS TRINITI PROPERTI Tbk,"ADTR1 - ADIMITRA JASA KORPORA, PT",100,https://web.ksei.co.id/services/registered-securities/shares/lc/TRIN,True
2026-09-22,https://web.ksei.co.id/services/registered-securities/shares?setLocale=en-US,2026-09-22T00:46:23.298883+00:00,917,TRIO,TRIKOMSEL OKE Tbk,"RISR1 - RAYA SAHAM REGISTRA, PT",100,https://web.ksei.co.id/services/registered-securities/shares/lc/TRIO,True
2026-09-22,https://web.ksei.co.id/services/registered-securities/shares?setLocale=en-US,2026-09-22T00:46:23.298883+00:00,918,TRIS,TRISULA INTERNATIONAL Tbk,"SIGU1 - SINARTAMA GUNITA, PT",100,https://web.ksei.co.id/services/registered-securities/shares/lc/TRIS,True
2026-09-22,https://web.ksei.co.id/services/registered-securities/shares?setLocale=en-US,2026-09-22T00:46:23.298883+00:00,919,TRJA,TRANSKON JAYA Tbk,"ADTR1 - ADIMITRA JASA KORPORA, PT",100,https://web.ksei.co.id/services/registered-securities/shares/lc/TRJA,True
2026-09-22,https://web.ksei.co.id/services/registered-securities/shares?setLocale=en-US,2026-09-22T00:46:23.298883+00:00,920,TRON,TEKNOLOGI KARYA DIGITAL NUSA Tbk,"ADTR1 - ADIMITRA JASA KORPORA, PT",20,https://web.ksei.co.id/services/registered-securities/shares/lc/TRON,True
2026-09-22,https://web.ksei.co.id/services/registered-securities/shares?setLocale=en-US,2026-09-22T00:46:23.298883+00:00,921,TRST,TRIAS SENTOSA Tbk,"RISR1 - RAYA SAHAM REGISTRA, PT",100,https://web.ksei.co.id/services/registered-securities/shares/lc/TRST,True
2026-09-22,https://web.ksei.co.id/services/registered-securities/shares?setLocale=en-US,2026-09-22T00:46:23.298883+00:00,922,TRUE,TRINITI DINAMIK Tbk,"ADTR1 - ADIMITRA JASA KORPORA, PT",25,https://web.ksei.co.id/services/registered-securities/shares/lc/TRUE,True
2026-09-22,https://web.ksei.co.id/services/registered-securities/shares?setLocale=en-US,2026-09-22T00:46:23.298883+00:00,923,TRUK,GUNA TIMUR RAYA Tbk,"ADTR1 - ADIMITRA JASA KORPORA, PT",100,https://web.ksei.co.id/services/registered-securities/shares/lc/TRUK,True
2026-09-22,https://web.ksei.co.id/services/registered-securities/shares?setLocale=en-US,2026-09-22T00:46:23.298883+00:00,924,TRUS,TRUST FINANCE INDONESIA Tbk,"ADTR1 - ADIMITRA JASA KORPORA, PT",50,https://web.ksei.co.id/services/registered-securities/shares/lc/TRUS,True
2026-09-22,https://web.ksei.co.id/services/registered-securities/shares?setLocale=en-US,2026-09-22T00:46:23.298883+00:00,925,TSPC,TEMPO SCAN PACIFIC Tbk,"RISR1 - RAYA SAHAM REGISTRA, PT",50,https://web.ksei.co.id/services/registered-securities/shares/lc/TSPC,True
2026-09-22,https://web.ksei.co.id/services/registered-securities/shares?setLocale=en-US,2026-09-22T00:46:23.298883+00:00,926,TUGU,ASURANSI TUGU PRATAMA INDONESIA Tbk,"DAEN1 - DATINDO ENTRYCOM, PT",50,https://web.ksei.co.id/services/registered-securities/shares/lc/TUGU,True
2026-09-22,https://web.ksei.co.id/services/registered-securities/shares?setLocale=en-US,2026-09-22T00:46:23.298883+00:00,927,TYRE,KING TIRE INDONESIA Tbk,"ADTR1 - ADIMITRA JASA KORPORA, PT",50,https://web.ksei.co.id/services/registered-securities/shares/lc/TYRE,True
2026-09-22,https://web.ksei.co.id/services/registered-securities/shares?setLocale=en-US,2026-09-22T00:46:23.298883+00:00,928,UANG,PAKUAN Tbk,"SIGU1 - SINARTAMA GUNITA, PT",100,https://web.ksei.co.id/services/registered-securities/shares/lc/UANG,True
2026-09-22,https://web.ksei.co.id/services/registered-securities/shares?setLocale=en-US,2026-09-22T00:46:23.298883+00:00,929,UCID,UNI-CHARM INDONESIA Tbk,"SIGU1 - SINARTAMA GUNITA, PT",100,https://web.ksei.co.id/services/registered-securities/shares/lc/UCID,True
2026-09-22,https://web.ksei.co.id/services/registered-securities/shares?setLocale=en-US,2026-09-22T00:46:23.298883+00:00,930,UDNG,AGRO BAHARI NUSANTARA Tbk,"BIME1 - BIMA REGISTRA, PT",10,https://web.ksei.co.id/services/registered-securities/shares/lc/UDNG,True
2026-09-22,https://web.ksei.co.id/services/registered-securities/shares?setLocale=en-US,2026-09-22T00:46:23.298883+00:00,931,UFOE,DAMAI SEJAHTERA ABADI Tbk,"ADTR1 - ADIMITRA JASA KORPORA, PT",40,https://web.ksei.co.id/services/registered-securities/shares/lc/UFOE,True
2026-09-22,https://web.ksei.co.id/services/registered-securities/shares?setLocale=en-US,2026-09-22T00:46:23.298883+00:00,932,ULTJ,ULTRAJAYA MILK INDUSTRY AND TRADING COMPANY Tbk,"ADTR1 - ADIMITRA JASA KORPORA, PT",50,https://web.ksei.co.id/services/registered-securities/shares/lc/ULTJ,True
2026-09-22,https://web.ksei.co.id/services/registered-securities/shares?setLocale=en-US,2026-09-22T00:46:23.298883+00:00,933,UNIC,UNGGUL INDAH CAHAYA Tbk,"RISR1 - RAYA SAHAM REGISTRA, PT",500,https://web.ksei.co.id/services/registered-securities/shares/lc/UNIC,True
2026-09-22,https://web.ksei.co.id/services/registered-securities/shares?setLocale=en-US,2026-09-22T00:46:23.298883+00:00,934,UNIQ,ULIMA NITRA Tbk,"ADTR1 - ADIMITRA JASA KORPORA, PT",2,https://web.ksei.co.id/services/registered-securities/shares/lc/UNIQ,True
2026-09-22,https://web.ksei.co.id/services/registered-securities/shares?setLocale=en-US,2026-09-22T00:46:23.298883+00:00,935,UNIT,CAHAYA PERMATA SEJAHTERA Tbk,"SHIN1 - SHARESTAR INDONESIA, PT",4000,https://web.ksei.co.id/services/registered-securities/shares/lc/UNIT,True
2026-09-22,https://web.ksei.co.id/services/registered-securities/shares?setLocale=en-US,2026-09-22T00:46:23.298883+00:00,936,UNSP,BAKRIE SUMATERA PLANTATIONS Tbk,"EDI01 - ELECTRONIC DATA INTERCHANGE INDONESIA, PT",1000,https://web.ksei.co.id/services/registered-securities/shares/lc/UNSP,True
2026-09-22,https://web.ksei.co.id/services/registered-securities/shares?setLocale=en-US,2026-09-22T00:46:23.298883+00:00,937,UNTD,TERANG DUNIA INTERNUSA Tbk,"ADTR1 - ADIMITRA JASA KORPORA, PT",25,https://web.ksei.co.id/services/registered-securities/shares/lc/UNTD,True
2026-09-22,https://web.ksei.co.id/services/registered-securities/shares?setLocale=en-US,2026-09-22T00:46:23.298883+00:00,938,UNTR,UNITED TRACTORS Tbk,"RISR1 - RAYA SAHAM REGISTRA, PT",250,https://web.ksei.co.id/services/registered-securities/shares/lc/UNTR,True
2026-09-22,https://web.ksei.co.id/services/registered-securities/shares?setLocale=en-US,2026-09-22T00:46:23.298883+00:00,939,UNVR,UNILEVER INDONESIA Tbk,"SHIN1 - SHARESTAR INDONESIA, PT",2,https://web.ksei.co.id/services/registered-securities/shares/lc/UNVR,True
2026-09-22,https://web.ksei.co.id/services/registered-securities/shares?setLocale=en-US,2026-09-22T00:46:23.298883+00:00,940,URBN,URBAN JAKARTA PROPERTINDO Tbk,"SIGU1 - SINARTAMA GUNITA, PT",100,https://web.ksei.co.id/services/registered-securities/shares/lc/URBN,True
2026-09-22,https://web.ksei.co.id/services/registered-securities/shares?setLocale=en-US,2026-09-22T00:46:23.298883+00:00,941,UVCR,TRIMEGAH KARYA PRATAMA Tbk,"ADTR1 - ADIMITRA JASA KORPORA, PT",20,https://web.ksei.co.id/services/registered-securities/shares/lc/UVCR,True
2026-09-22,https://web.ksei.co.id/services/registered-securities/shares?setLocale=en-US,2026-09-22T00:46:23.298883+00:00,942,VAST,VASTLAND INDONESIA Tbk,"SIGU1 - SINARTAMA GUNITA, PT",50,https://web.ksei.co.id/services/registered-securities/shares/lc/VAST,True
2026-09-22,https://web.ksei.co.id/services/registered-securities/shares?setLocale=en-US,2026-09-22T00:46:23.298883+00:00,943,VERN,VERONA INDAH PICTURES Tbk,"SIGU1 - SINARTAMA GUNITA, PT",80,https://web.ksei.co.id/services/registered-securities/shares/lc/VERN,True
2026-09-22,https://web.ksei.co.id/services/registered-securities/shares?setLocale=en-US,2026-09-22T00:46:23.298883+00:00,944,VICI,VICTORIA CARE INDONESIA Tbk,"BIME1 - BIMA REGISTRA, PT",50,https://web.ksei.co.id/services/registered-securities/shares/lc/VICI,True
2026-09-22,https://web.ksei.co.id/services/registered-securities/shares?setLocale=en-US,2026-09-22T00:46:23.298883+00:00,945,VICO,VICTORIA INVESTAMA Tbk,"SIGU1 - SINARTAMA GUNITA, PT",100,https://web.ksei.co.id/services/registered-securities/shares/lc/VICO,True
2026-09-22,https://web.ksei.co.id/services/registered-securities/shares?setLocale=en-US,2026-09-22T00:46:23.298883+00:00,946,VINS,VICTORIA INSURANCE Tbk,"ADTR1 - ADIMITRA JASA KORPORA, PT",100,https://web.ksei.co.id/services/registered-securities/shares/lc/VINS,True
2026-09-22,https://web.ksei.co.id/services/registered-securities/shares?setLocale=en-US,2026-09-22T00:46:23.298883+00:00,947,VISI,SATU VISI PUTRA Tbk,"SIGU1 - SINARTAMA GUNITA, PT",25,https://web.ksei.co.id/services/registered-securities/shares/lc/VISI,True
2026-09-22,https://web.ksei.co.id/services/registered-securities/shares?setLocale=en-US,2026-09-22T00:46:23.298883+00:00,948,VIVA,VISI MEDIA ASIA Tbk,"FIBU1 - FICOMINDO BUANA REGISTRAR, PT",100,https://web.ksei.co.id/services/registered-securities/shares/lc/VIVA,True
2026-09-22,https://web.ksei.co.id/services/registered-securities/shares?setLocale=en-US,2026-09-22T00:46:23.298883+00:00,949,VKTR,VKTR TEKNOLOGI MOBILITAS Tbk,"EDI01 - ELECTRONIC DATA INTERCHANGE INDONESIA, PT",10,https://web.ksei.co.id/services/registered-securities/shares/lc/VKTR,True
2026-09-22,https://web.ksei.co.id/services/registered-securities/shares?setLocale=en-US,2026-09-22T00:46:23.298883+00:00,950,VOKS,VOKSEL ELECTRIC Tbk,"EDI01 - ELECTRONIC DATA INTERCHANGE INDONESIA, PT",100,https://web.ksei.co.id/services/registered-securities/shares/lc/VOKS,True
2026-09-22,https://web.ksei.co.id/services/registered-securities/shares?setLocale=en-US,2026-09-22T00:46:23.298883+00:00,951,VRNA,MIZUHO LEASING INDONESIA Tbk,"RISR1 - RAYA SAHAM REGISTRA, PT",100,https://web.ksei.co.id/services/registered-securities/shares/lc/VRNA,True
2026-09-22,https://web.ksei.co.id/services/registered-securities/shares?setLocale=en-US,2026-09-22T00:46:23.298883+00:00,952,VTNY,VENTENY FORTUNA INTERNATIONAL Tbk,"ADTR1 - ADIMITRA JASA KORPORA, PT",5,https://web.ksei.co.id/services/registered-securities/shares/lc/VTNY,True
2026-09-22,https://web.ksei.co.id/services/registered-securities/shares?setLocale=en-US,2026-09-22T00:46:23.298883+00:00,953,WAPO,WAHANA PRONATURAL Tbk,"SIGU1 - SINARTAMA GUNITA, PT",100,https://web.ksei.co.id/services/registered-securities/shares/lc/WAPO,True
2026-09-22,https://web.ksei.co.id/services/registered-securities/shares?setLocale=en-US,2026-09-22T00:46:23.298883+00:00,954,WBSA,BSA LOGISTICS INDONESIA Tbk,"ADTR1 - ADIMITRA JASA KORPORA, PT",40,https://web.ksei.co.id/services/registered-securities/shares/lc/WBSA,True
2026-09-22,https://web.ksei.co.id/services/registered-securities/shares?setLocale=en-US,2026-09-22T00:46:23.298883+00:00,955,WEGE,WIJAYA KARYA BANGUNAN GEDUNG Tbk,"DAEN1 - DATINDO ENTRYCOM, PT",100,https://web.ksei.co.id/services/registered-securities/shares/lc/WEGE,True
2026-09-22,https://web.ksei.co.id/services/registered-securities/shares?setLocale=en-US,2026-09-22T00:46:23.298883+00:00,956,WEHA,WEHA TRANSPORTASI INDONESIA Tbk,"RISR1 - RAYA SAHAM REGISTRA, PT",100,https://web.ksei.co.id/services/registered-securities/shares/lc/WEHA,True
2026-09-22,https://web.ksei.co.id/services/registered-securities/shares?setLocale=en-US,2026-09-22T00:46:23.298883+00:00,957,WGSH,WIRA GLOBAL SOLUSI Tbk,"ADTR1 - ADIMITRA JASA KORPORA, PT",20,https://web.ksei.co.id/services/registered-securities/shares/lc/WGSH,True
2026-09-22,https://web.ksei.co.id/services/registered-securities/shares?setLocale=en-US,2026-09-22T00:46:23.298883+00:00,958,WICO,WICAKSANA OVERSEAS INTERNATIONAL Tbk,"DAEN1 - DATINDO ENTRYCOM, PT",500,https://web.ksei.co.id/services/registered-securities/shares/lc/WICO,True
2026-09-22,https://web.ksei.co.id/services/registered-securities/shares?setLocale=en-US,2026-09-22T00:46:23.298883+00:00,959,WIDI,WIDIANT JAYA KRENINDO Tbk,"BIME1 - BIMA REGISTRA, PT",5,https://web.ksei.co.id/services/registered-securities/shares/lc/WIDI,True
2026-09-22,https://web.ksei.co.id/services/registered-securities/shares?setLocale=en-US,2026-09-22T00:46:23.298883+00:00,960,WIFI,SOLUSI SINERGI DIGITAL Tbk,"FIBU1 - FICOMINDO BUANA REGISTRAR, PT",100,https://web.ksei.co.id/services/registered-securities/shares/lc/WIFI,True
2026-09-22,https://web.ksei.co.id/services/registered-securities/shares?setLocale=en-US,2026-09-22T00:46:23.298883+00:00,961,WIIM,WISMILAK INTI MAKMUR Tbk,"RISR1 - RAYA SAHAM REGISTRA, PT",100,https://web.ksei.co.id/services/registered-securities/shares/lc/WIIM,True
2026-09-22,https://web.ksei.co.id/services/registered-securities/shares?setLocale=en-US,2026-09-22T00:46:23.298883+00:00,962,WIKA,WIJAYA KARYA (PERSERO) Tbk,"DAEN1 - DATINDO ENTRYCOM, PT",100,https://web.ksei.co.id/services/registered-securities/shares/lc/WIKA,True
2026-09-22,https://web.ksei.co.id/services/registered-securities/shares?setLocale=en-US,2026-09-22T00:46:23.298883+00:00,963,WINE,HATTEN BALI Tbk,"SIGU1 - SINARTAMA GUNITA, PT",50,https://web.ksei.co.id/services/registered-securities/shares/lc/WINE,True
2026-09-22,https://web.ksei.co.id/services/registered-securities/shares?setLocale=en-US,2026-09-22T00:46:23.298883+00:00,964,WINR,WINNER NUSANTARA JAYA Tbk,"BIME1 - BIMA REGISTRA, PT",20,https://web.ksei.co.id/services/registered-securities/shares/lc/WINR,True
2026-09-22,https://web.ksei.co.id/services/registered-securities/shares?setLocale=en-US,2026-09-22T00:46:23.298883+00:00,965,WINS,WINTERMAR OFFSHORE MARINE Tbk,"DAEN1 - DATINDO ENTRYCOM, PT",100,https://web.ksei.co.id/services/registered-securities/shares/lc/WINS,True
2026-09-22,https://web.ksei.co.id/services/registered-securities/shares?setLocale=en-US,2026-09-22T00:46:23.298883+00:00,966,WIRG,WIR ASIA Tbk,"FIBU1 - FICOMINDO BUANA REGISTRAR, PT",5,https://web.ksei.co.id/services/registered-securities/shares/lc/WIRG,True
2026-09-22,https://web.ksei.co.id/services/registered-securities/shares?setLocale=en-US,2026-09-22T00:46:23.298883+00:00,967,WMPP,WIDODO MAKMUR PERKASA Tbk,"DAEN1 - DATINDO ENTRYCOM, PT",20,https://web.ksei.co.id/services/registered-securities/shares/lc/WMPP,True
2026-09-22,https://web.ksei.co.id/services/registered-securities/shares?setLocale=en-US,2026-09-22T00:46:23.298883+00:00,968,WMUU,WIDODO MAKMUR UNGGAS Tbk,"DAEN1 - DATINDO ENTRYCOM, PT",50,https://web.ksei.co.id/services/registered-securities/shares/lc/WMUU,True
2026-09-22,https://web.ksei.co.id/services/registered-securities/shares?setLocale=en-US,2026-09-22T00:46:23.298883+00:00,969,WOMF,WAHANA OTTOMITRA MULTIARTHA Tbk,"SIGU1 - SINARTAMA GUNITA, PT",100,https://web.ksei.co.id/services/registered-securities/shares/lc/WOMF,True
2026-09-22,https://web.ksei.co.id/services/registered-securities/shares?setLocale=en-US,2026-09-22T00:46:23.298883+00:00,970,WOOD,INTEGRA INDOCABINET Tbk,"DAEN1 - DATINDO ENTRYCOM, PT",100,https://web.ksei.co.id/services/registered-securities/shares/lc/WOOD,True
2026-09-22,https://web.ksei.co.id/services/registered-securities/shares?setLocale=en-US,2026-09-22T00:46:23.298883+00:00,971,WOWS,GINTING JAYA ENERGI Tbk,BSRE1 - BSR INDONESIA PT.,100,https://web.ksei.co.id/services/registered-securities/shares/lc/WOWS,True
2026-09-22,https://web.ksei.co.id/services/registered-securities/shares?setLocale=en-US,2026-09-22T00:46:23.298883+00:00,972,WSBP,WASKITA BETON PRECAST Tbk,"DAEN1 - DATINDO ENTRYCOM, PT",100,https://web.ksei.co.id/services/registered-securities/shares/lc/WSBP,True
2026-09-22,https://web.ksei.co.id/services/registered-securities/shares?setLocale=en-US,2026-09-22T00:46:23.298883+00:00,973,WSKT,WASKITA KARYA (PERSERO) Tbk,"DAEN1 - DATINDO ENTRYCOM, PT",100,https://web.ksei.co.id/services/registered-securities/shares/lc/WSKT,True
2026-09-22,https://web.ksei.co.id/services/registered-securities/shares?setLocale=en-US,2026-09-22T00:46:23.298883+00:00,974,WTON,WIJAYA KARYA BETON Tbk,"DAEN1 - DATINDO ENTRYCOM, PT",100,https://web.ksei.co.id/services/registered-securities/shares/lc/WTON,True
2026-09-22,https://web.ksei.co.id/services/registered-securities/shares?setLocale=en-US,2026-09-22T00:46:23.298883+00:00,975,YELO,YELOOO INTEGRA DATANET Tbk,"FIBU1 - FICOMINDO BUANA REGISTRAR, PT",100,https://web.ksei.co.id/services/registered-securities/shares/lc/YELO,True
2026-09-22,https://web.ksei.co.id/services/registered-securities/shares?setLocale=en-US,2026-09-22T00:46:23.298883+00:00,976,YOII,ASURANSI DIGITAL BERSAMA Tbk,"ADTR1 - ADIMITRA JASA KORPORA, PT",100,https://web.ksei.co.id/services/registered-securities/shares/lc/YOII,True
2026-09-22,https://web.ksei.co.id/services/registered-securities/shares?setLocale=en-US,2026-09-22T00:46:23.298883+00:00,977,YPAS,YANAPRIMA HASTAPERSADA Tbk,"BIME1 - BIMA REGISTRA, PT",100,https://web.ksei.co.id/services/registered-securities/shares/lc/YPAS,True
2026-09-22,https://web.ksei.co.id/services/registered-securities/shares?setLocale=en-US,2026-09-22T00:46:23.298883+00:00,978,YULE,YULIE SEKURITAS INDONESIA Tbk,"ADTR1 - ADIMITRA JASA KORPORA, PT",200,https://web.ksei.co.id/services/registered-securities/shares/lc/YULE,True
2026-09-22,https://web.ksei.co.id/services/registered-securities/shares?setLocale=en-US,2026-09-22T00:46:23.298883+00:00,979,YUPI,YUPI INDO JELLY GUM Tbk,"DAEN1 - DATINDO ENTRYCOM, PT",50,https://web.ksei.co.id/services/registered-securities/shares/lc/YUPI,True
2026-09-22,https://web.ksei.co.id/services/registered-securities/shares?setLocale=en-US,2026-09-22T00:46:23.298883+00:00,980,ZATA,BERSAMA ZATTA JAYA Tbk,"ADTR1 - ADIMITRA JASA KORPORA, PT",50,https://web.ksei.co.id/services/registered-securities/shares/lc/ZATA,True
2026-09-22,https://web.ksei.co.id/services/registered-securities/shares?setLocale=en-US,2026-09-22T00:46:23.298883+00:00,981,ZBRA,DOSNI ROHA INDONESIA Tbk,BSRE1 - BSR INDONESIA PT.,500,https://web.ksei.co.id/services/registered-securities/shares/lc/ZBRA,True
2026-09-22,https://web.ksei.co.id/services/registered-securities/shares?setLocale=en-US,2026-09-22T00:46:23.298883+00:00,982,ZINC,KAPUAS PRIMA COAL Tbk,"SIGU1 - SINARTAMA GUNITA, PT",20,https://web.ksei.co.id/services/registered-securities/shares/lc/ZINC,True
2026-09-22,https://web.ksei.co.id/services/registered-securities/shares?setLocale=en-US,2026-09-22T00:46:23.298883+00:00,983,ZONE,MEGA PERINTIS Tbk,"BIME1 - BIMA REGISTRA, PT",100,https://web.ksei.co.id/services/registered-securities/shares/lc/ZONE,True
2026-09-22,https://web.ksei.co.id/services/registered-securities/shares?setLocale=en-US,2026-09-22T00:46:23.298883+00:00,984,ZYRX,ZYREXINDO MANDIRI BUANA Tbk,"ADTR1 - ADIMITRA JASA KORPORA, PT",25,https://web.ksei.co.id/services/registered-securities/shares/lc/ZYRX,True
